filepath,filename,class
C:\Users\PC\Garbage-Classification\data\raw\Garbage classification\Garbage classification\paper\paper80.jpg,paper80.jpg,paper
C:\Users\PC\Garbage-Classification\data\raw\Garbage classification\Garbage classification\metal\metal356.jpg,metal356.jpg,metal
C:\Users\PC\Garbage-Classification\data\raw\Garbage classification\Garbage classification\plastic\plastic95.jpg,plastic95.jpg,plastic
C:\Users\PC\Garbage-Classification\data\raw\Garbage classification\Garbage classification\paper\paper97.jpg,paper97.jpg,paper
C:\Users\PC\Garbage-Classification\data\raw\Garbage classification\Garbage classification\paper\paper416.jpg,paper416.jpg,paper
C:\Users\PC\Garbage-Classification\data\raw\Garbage classification\Garbage classification\metal\metal309.jpg,metal309.jpg,metal
C:\Users\PC\Garbage-Classification\data\raw\Garbage classification\Garbage classification\plastic\plastic191.jpg,plastic191.jpg,plastic
C:\Users\PC\Garbage-Classification\data\raw\Garbage classification\Garbage classification\glass\glass411.jpg,glass411.jpg,glass
C:\Users\PC\Garbage-Classification\data\raw\Garbage classification\Garbage classification\paper\paper289.jpg,paper289.jpg,paper
C:\Users\PC\Garbage-Classification\data\raw\Garbage classification\Garbage classification\paper\paper126.jpg,paper126.jpg,paper
C:\Users\PC\Garbage-Classification\data\raw\Garbage classification\Garbage classification\paper\paper394.jpg,paper394.jpg,paper
C:\Users\PC\Garbage-Classification\data\raw\Garbage classification\Garbage classification\metal\metal141.jpg,metal141.jpg,metal
C:\Users\PC\Garbage-Classification\data\raw\Garbage classification\Garbage classification\paper\paper86.jpg,paper86.jpg,paper
C:\Users\PC\Garbage-Classification\data\raw\Garbage classification\Garbage classification\plastic\plastic42.jpg,plastic42.jpg,plastic
C:\Users\PC\Garbage-Classification\data\raw\Garbage classification\Garbage classification\glass\glass354.jpg,glass354.jpg,glass
C:\Users\PC\Garbage-Classification\data\raw\Garbage classification\Garbage classification\cardboard\cardboard7.jpg,cardboard7.jpg,cardboard
C:\Users\PC\Garbage-Classification\data\raw\Garbage classification\Garbage classification\metal\metal360.jpg,metal360.jpg,metal
C:\Users\PC\Garbage-Classification\data\raw\Garbage classification\Garbage classification\paper\paper45.jpg,paper45.jpg,paper
C:\Users\PC\Garbage-Classification\data\raw\Garbage classification\Garbage classification\glass\glass34.jpg,glass34.jpg,glass
C:\Users\PC\Garbage-Classification\data\raw\Garbage classification\Garbage classification\glass\glass124.jpg,glass124.jpg,glass
C:\Users\PC\Garbage-Classification\data\raw\Garbage classification\Garbage classification\trash\trash60.jpg,trash60.jpg,trash
C:\Users\PC\Garbage-Classification\data\raw\Garbage classification\Garbage classification\cardboard\cardboard20.jpg,cardboard20.jpg,cardboard
C:\Users\PC\Garbage-Classification\data\raw\Garbage classification\Garbage classification\glass\glass154.jpg,glass154.jpg,glass
C:\Users\PC\Garbage-Classification\data\raw\Garbage classification\Garbage classification\trash\trash131.jpg,trash131.jpg,trash
C:\Users\PC\Garbage-Classification\data\raw\Garbage classification\Garbage classification\glass\glass302.jpg,glass302.jpg,glass
C:\Users\PC\Garbage-Classification\data\raw\Garbage classification\Garbage classification\cardboard\cardboard29.jpg,cardboard29.jpg,cardboard
C:\Users\PC\Garbage-Classification\data\raw\Garbage classification\Garbage classification\trash\trash100.jpg,trash100.jpg,trash
C:\Users\PC\Garbage-Classification\data\raw\Garbage classification\Garbage classification\plastic\plastic267.jpg,plastic267.jpg,plastic
C:\Users\PC\Garbage-Classification\data\raw\Garbage classification\Garbage classification\paper\paper417.jpg,paper417.jpg,paper
C:\Users\PC\Garbage-Classification\data\raw\Garbage classification\Garbage classification\paper\paper200.jpg,paper200.jpg,paper
C:\Users\PC\Garbage-Classification\data\raw\Garbage classification\Garbage classification\paper\paper584.jpg,paper584.jpg,paper
C:\Users\PC\Garbage-Classification\data\raw\Garbage classification\Garbage classification\paper\paper119.jpg,paper119.jpg,paper
C:\Users\PC\Garbage-Classification\data\raw\Garbage classification\Garbage classification\paper\paper269.jpg,paper269.jpg,paper
C:\Users\PC\Garbage-Classification\data\raw\Garbage classification\Garbage classification\glass\glass218.jpg,glass218.jpg,glass
C:\Users\PC\Garbage-Classification\data\raw\Garbage classification\Garbage classification\glass\glass466.jpg,glass466.jpg,glass
C:\Users\PC\Garbage-Classification\data\raw\Garbage classification\Garbage classification\paper\paper129.jpg,paper129.jpg,paper
C:\Users\PC\Garbage-Classification\data\raw\Garbage classification\Garbage classification\glass\glass348.jpg,glass348.jpg,glass
C:\Users\PC\Garbage-Classification\data\raw\Garbage classification\Garbage classification\glass\glass219.jpg,glass219.jpg,glass
C:\Users\PC\Garbage-Classification\data\raw\Garbage classification\Garbage classification\paper\paper591.jpg,paper591.jpg,paper
C:\Users\PC\Garbage-Classification\data\raw\Garbage classification\Garbage classification\cardboard\cardboard16.jpg,cardboard16.jpg,cardboard
C:\Users\PC\Garbage-Classification\data\raw\Garbage classification\Garbage classification\glass\glass268.jpg,glass268.jpg,glass
C:\Users\PC\Garbage-Classification\data\raw\Garbage classification\Garbage classification\metal\metal381.jpg,metal381.jpg,metal
C:\Users\PC\Garbage-Classification\data\raw\Garbage classification\Garbage classification\plastic\plastic16.jpg,plastic16.jpg,plastic
C:\Users\PC\Garbage-Classification\data\raw\Garbage classification\Garbage classification\cardboard\cardboard38.jpg,cardboard38.jpg,cardboard
C:\Users\PC\Garbage-Classification\data\raw\Garbage classification\Garbage classification\cardboard\cardboard39.jpg,cardboard39.jpg,cardboard
C:\Users\PC\Garbage-Classification\data\raw\Garbage classification\Garbage classification\plastic\plastic120.jpg,plastic120.jpg,plastic
C:\Users\PC\Garbage-Classification\data\raw\Garbage classification\Garbage classification\metal\metal20.jpg,metal20.jpg,metal
C:\Users\PC\Garbage-Classification\data\raw\Garbage classification\Garbage classification\trash\trash20.jpg,trash20.jpg,trash
C:\Users\PC\Garbage-Classification\data\raw\Garbage classification\Garbage classification\plastic\plastic344.jpg,plastic344.jpg,plastic
C:\Users\PC\Garbage-Classification\data\raw\Garbage classification\Garbage classification\paper\paper557.jpg,paper557.jpg,paper
C:\Users\PC\Garbage-Classification\data\raw\Garbage classification\Garbage classification\cardboard\cardboard349.jpg,cardboard349.jpg,cardboard
C:\Users\PC\Garbage-Classification\data\raw\Garbage classification\Garbage classification\glass\glass57.jpg,glass57.jpg,glass
C:\Users\PC\Garbage-Classification\data\raw\Garbage classification\Garbage classification\paper\paper374.jpg,paper374.jpg,paper
C:\Users\PC\Garbage-Classification\data\raw\Garbage classification\Garbage classification\glass\glass395.jpg,glass395.jpg,glass
C:\Users\PC\Garbage-Classification\data\raw\Garbage classification\Garbage classification\paper\paper430.jpg,paper430.jpg,paper
C:\Users\PC\Garbage-Classification\data\raw\Garbage classification\Garbage classification\trash\trash75.jpg,trash75.jpg,trash
C:\Users\PC\Garbage-Classification\data\raw\Garbage classification\Garbage classification\metal\metal90.jpg,metal90.jpg,metal
C:\Users\PC\Garbage-Classification\data\raw\Garbage classification\Garbage classification\plastic\plastic361.jpg,plastic361.jpg,plastic
C:\Users\PC\Garbage-Classification\data\raw\Garbage classification\Garbage classification\cardboard\cardboard338.jpg,cardboard338.jpg,cardboard
C:\Users\PC\Garbage-Classification\data\raw\Garbage classification\Garbage classification\cardboard\cardboard147.jpg,cardboard147.jpg,cardboard
C:\Users\PC\Garbage-Classification\data\raw\Garbage classification\Garbage classification\glass\glass422.jpg,glass422.jpg,glass
C:\Users\PC\Garbage-Classification\data\raw\Garbage classification\Garbage classification\paper\paper102.jpg,paper102.jpg,paper
C:\Users\PC\Garbage-Classification\data\raw\Garbage classification\Garbage classification\trash\trash36.jpg,trash36.jpg,trash
C:\Users\PC\Garbage-Classification\data\raw\Garbage classification\Garbage classification\metal\metal313.jpg,metal313.jpg,metal
C:\Users\PC\Garbage-Classification\data\raw\Garbage classification\Garbage classification\metal\metal194.jpg,metal194.jpg,metal
C:\Users\PC\Garbage-Classification\data\raw\Garbage classification\Garbage classification\metal\metal21.jpg,metal21.jpg,metal
C:\Users\PC\Garbage-Classification\data\raw\Garbage classification\Garbage classification\cardboard\cardboard390.jpg,cardboard390.jpg,cardboard
C:\Users\PC\Garbage-Classification\data\raw\Garbage classification\Garbage classification\plastic\plastic68.jpg,plastic68.jpg,plastic
C:\Users\PC\Garbage-Classification\data\raw\Garbage classification\Garbage classification\glass\glass68.jpg,glass68.jpg,glass
C:\Users\PC\Garbage-Classification\data\raw\Garbage classification\Garbage classification\paper\paper248.jpg,paper248.jpg,paper
C:\Users\PC\Garbage-Classification\data\raw\Garbage classification\Garbage classification\paper\paper564.jpg,paper564.jpg,paper
C:\Users\PC\Garbage-Classification\data\raw\Garbage classification\Garbage classification\glass\glass356.jpg,glass356.jpg,glass
C:\Users\PC\Garbage-Classification\data\raw\Garbage classification\Garbage classification\metal\metal86.jpg,metal86.jpg,metal
C:\Users\PC\Garbage-Classification\data\raw\Garbage classification\Garbage classification\cardboard\cardboard65.jpg,cardboard65.jpg,cardboard
C:\Users\PC\Garbage-Classification\data\raw\Garbage classification\Garbage classification\cardboard\cardboard253.jpg,cardboard253.jpg,cardboard
C:\Users\PC\Garbage-Classification\data\raw\Garbage classification\Garbage classification\plastic\plastic22.jpg,plastic22.jpg,plastic
C:\Users\PC\Garbage-Classification\data\raw\Garbage classification\Garbage classification\paper\paper33.jpg,paper33.jpg,paper
C:\Users\PC\Garbage-Classification\data\raw\Garbage classification\Garbage classification\plastic\plastic227.jpg,plastic227.jpg,plastic
C:\Users\PC\Garbage-Classification\data\raw\Garbage classification\Garbage classification\paper\paper364.jpg,paper364.jpg,paper
C:\Users\PC\Garbage-Classification\data\raw\Garbage classification\Garbage classification\plastic\plastic291.jpg,plastic291.jpg,plastic
C:\Users\PC\Garbage-Classification\data\raw\Garbage classification\Garbage classification\trash\trash41.jpg,trash41.jpg,trash
C:\Users\PC\Garbage-Classification\data\raw\Garbage classification\Garbage classification\paper\paper202.jpg,paper202.jpg,paper
C:\Users\PC\Garbage-Classification\data\raw\Garbage classification\Garbage classification\glass\glass361.jpg,glass361.jpg,glass
C:\Users\PC\Garbage-Classification\data\raw\Garbage classification\Garbage classification\glass\glass117.jpg,glass117.jpg,glass
C:\Users\PC\Garbage-Classification\data\raw\Garbage classification\Garbage classification\trash\trash63.jpg,trash63.jpg,trash
C:\Users\PC\Garbage-Classification\data\raw\Garbage classification\Garbage classification\glass\glass380.jpg,glass380.jpg,glass
C:\Users\PC\Garbage-Classification\data\raw\Garbage classification\Garbage classification\plastic\plastic73.jpg,plastic73.jpg,plastic
C:\Users\PC\Garbage-Classification\data\raw\Garbage classification\Garbage classification\glass\glass441.jpg,glass441.jpg,glass
C:\Users\PC\Garbage-Classification\data\raw\Garbage classification\Garbage classification\cardboard\cardboard53.jpg,cardboard53.jpg,cardboard
C:\Users\PC\Garbage-Classification\data\raw\Garbage classification\Garbage classification\plastic\plastic420.jpg,plastic420.jpg,plastic
C:\Users\PC\Garbage-Classification\data\raw\Garbage classification\Garbage classification\metal\metal321.jpg,metal321.jpg,metal
C:\Users\PC\Garbage-Classification\data\raw\Garbage classification\Garbage classification\metal\metal343.jpg,metal343.jpg,metal
C:\Users\PC\Garbage-Classification\data\raw\Garbage classification\Garbage classification\paper\paper274.jpg,paper274.jpg,paper
C:\Users\PC\Garbage-Classification\data\raw\Garbage classification\Garbage classification\metal\metal286.jpg,metal286.jpg,metal
C:\Users\PC\Garbage-Classification\data\raw\Garbage classification\Garbage classification\metal\metal119.jpg,metal119.jpg,metal
C:\Users\PC\Garbage-Classification\data\raw\Garbage classification\Garbage classification\cardboard\cardboard10.jpg,cardboard10.jpg,cardboard
C:\Users\PC\Garbage-Classification\data\raw\Garbage classification\Garbage classification\paper\paper362.jpg,paper362.jpg,paper
C:\Users\PC\Garbage-Classification\data\raw\Garbage classification\Garbage classification\paper\paper389.jpg,paper389.jpg,paper
C:\Users\PC\Garbage-Classification\data\raw\Garbage classification\Garbage classification\paper\paper184.jpg,paper184.jpg,paper
C:\Users\PC\Garbage-Classification\data\raw\Garbage classification\Garbage classification\glass\glass475.jpg,glass475.jpg,glass
C:\Users\PC\Garbage-Classification\data\raw\Garbage classification\Garbage classification\plastic\plastic151.jpg,plastic151.jpg,plastic
C:\Users\PC\Garbage-Classification\data\raw\Garbage classification\Garbage classification\glass\glass262.jpg,glass262.jpg,glass
C:\Users\PC\Garbage-Classification\data\raw\Garbage classification\Garbage classification\cardboard\cardboard394.jpg,cardboard394.jpg,cardboard
C:\Users\PC\Garbage-Classification\data\raw\Garbage classification\Garbage classification\glass\glass332.jpg,glass332.jpg,glass
C:\Users\PC\Garbage-Classification\data\raw\Garbage classification\Garbage classification\cardboard\cardboard344.jpg,cardboard344.jpg,cardboard
C:\Users\PC\Garbage-Classification\data\raw\Garbage classification\Garbage classification\metal\metal220.jpg,metal220.jpg,metal
C:\Users\PC\Garbage-Classification\data\raw\Garbage classification\Garbage classification\cardboard\cardboard261.jpg,cardboard261.jpg,cardboard
C:\Users\PC\Garbage-Classification\data\raw\Garbage classification\Garbage classification\paper\paper245.jpg,paper245.jpg,paper
C:\Users\PC\Garbage-Classification\data\raw\Garbage classification\Garbage classification\plastic\plastic108.jpg,plastic108.jpg,plastic
C:\Users\PC\Garbage-Classification\data\raw\Garbage classification\Garbage classification\glass\glass66.jpg,glass66.jpg,glass
C:\Users\PC\Garbage-Classification\data\raw\Garbage classification\Garbage classification\metal\metal305.jpg,metal305.jpg,metal
C:\Users\PC\Garbage-Classification\data\raw\Garbage classification\Garbage classification\glass\glass277.jpg,glass277.jpg,glass
C:\Users\PC\Garbage-Classification\data\raw\Garbage classification\Garbage classification\glass\glass67.jpg,glass67.jpg,glass
C:\Users\PC\Garbage-Classification\data\raw\Garbage classification\Garbage classification\paper\paper159.jpg,paper159.jpg,paper
C:\Users\PC\Garbage-Classification\data\raw\Garbage classification\Garbage classification\cardboard\cardboard67.jpg,cardboard67.jpg,cardboard
C:\Users\PC\Garbage-Classification\data\raw\Garbage classification\Garbage classification\glass\glass152.jpg,glass152.jpg,glass
C:\Users\PC\Garbage-Classification\data\raw\Garbage classification\Garbage classification\paper\paper442.jpg,paper442.jpg,paper
C:\Users\PC\Garbage-Classification\data\raw\Garbage classification\Garbage classification\glass\glass210.jpg,glass210.jpg,glass
C:\Users\PC\Garbage-Classification\data\raw\Garbage classification\Garbage classification\metal\metal270.jpg,metal270.jpg,metal
C:\Users\PC\Garbage-Classification\data\raw\Garbage classification\Garbage classification\cardboard\cardboard122.jpg,cardboard122.jpg,cardboard
C:\Users\PC\Garbage-Classification\data\raw\Garbage classification\Garbage classification\metal\metal185.jpg,metal185.jpg,metal
C:\Users\PC\Garbage-Classification\data\raw\Garbage classification\Garbage classification\cardboard\cardboard8.jpg,cardboard8.jpg,cardboard
C:\Users\PC\Garbage-Classification\data\raw\Garbage classification\Garbage classification\plastic\plastic395.jpg,plastic395.jpg,plastic
C:\Users\PC\Garbage-Classification\data\raw\Garbage classification\Garbage classification\plastic\plastic200.jpg,plastic200.jpg,plastic
C:\Users\PC\Garbage-Classification\data\raw\Garbage classification\Garbage classification\paper\paper445.jpg,paper445.jpg,paper
C:\Users\PC\Garbage-Classification\data\raw\Garbage classification\Garbage classification\trash\trash82.jpg,trash82.jpg,trash
C:\Users\PC\Garbage-Classification\data\raw\Garbage classification\Garbage classification\plastic\plastic285.jpg,plastic285.jpg,plastic
C:\Users\PC\Garbage-Classification\data\raw\Garbage classification\Garbage classification\cardboard\cardboard69.jpg,cardboard69.jpg,cardboard
C:\Users\PC\Garbage-Classification\data\raw\Garbage classification\Garbage classification\cardboard\cardboard359.jpg,cardboard359.jpg,cardboard
C:\Users\PC\Garbage-Classification\data\raw\Garbage classification\Garbage classification\trash\trash2.jpg,trash2.jpg,trash
C:\Users\PC\Garbage-Classification\data\raw\Garbage classification\Garbage classification\cardboard\cardboard125.jpg,cardboard125.jpg,cardboard
C:\Users\PC\Garbage-Classification\data\raw\Garbage classification\Garbage classification\paper\paper68.jpg,paper68.jpg,paper
C:\Users\PC\Garbage-Classification\data\raw\Garbage classification\Garbage classification\paper\paper268.jpg,paper268.jpg,paper
C:\Users\PC\Garbage-Classification\data\raw\Garbage classification\Garbage classification\paper\paper98.jpg,paper98.jpg,paper
C:\Users\PC\Garbage-Classification\data\raw\Garbage classification\Garbage classification\paper\paper290.jpg,paper290.jpg,paper
C:\Users\PC\Garbage-Classification\data\raw\Garbage classification\Garbage classification\glass\glass147.jpg,glass147.jpg,glass
C:\Users\PC\Garbage-Classification\data\raw\Garbage classification\Garbage classification\plastic\plastic307.jpg,plastic307.jpg,plastic
C:\Users\PC\Garbage-Classification\data\raw\Garbage classification\Garbage classification\cardboard\cardboard347.jpg,cardboard347.jpg,cardboard
C:\Users\PC\Garbage-Classification\data\raw\Garbage classification\Garbage classification\trash\trash77.jpg,trash77.jpg,trash
C:\Users\PC\Garbage-Classification\data\raw\Garbage classification\Garbage classification\glass\glass94.jpg,glass94.jpg,glass
C:\Users\PC\Garbage-Classification\data\raw\Garbage classification\Garbage classification\cardboard\cardboard32.jpg,cardboard32.jpg,cardboard
C:\Users\PC\Garbage-Classification\data\raw\Garbage classification\Garbage classification\glass\glass281.jpg,glass281.jpg,glass
C:\Users\PC\Garbage-Classification\data\raw\Garbage classification\Garbage classification\trash\trash9.jpg,trash9.jpg,trash
C:\Users\PC\Garbage-Classification\data\raw\Garbage classification\Garbage classification\plastic\plastic216.jpg,plastic216.jpg,plastic
C:\Users\PC\Garbage-Classification\data\raw\Garbage classification\Garbage classification\glass\glass91.jpg,glass91.jpg,glass
C:\Users\PC\Garbage-Classification\data\raw\Garbage classification\Garbage classification\paper\paper455.jpg,paper455.jpg,paper
C:\Users\PC\Garbage-Classification\data\raw\Garbage classification\Garbage classification\paper\paper308.jpg,paper308.jpg,paper
C:\Users\PC\Garbage-Classification\data\raw\Garbage classification\Garbage classification\metal\metal257.jpg,metal257.jpg,metal
C:\Users\PC\Garbage-Classification\data\raw\Garbage classification\Garbage classification\paper\paper593.jpg,paper593.jpg,paper
C:\Users\PC\Garbage-Classification\data\raw\Garbage classification\Garbage classification\cardboard\cardboard171.jpg,cardboard171.jpg,cardboard
C:\Users\PC\Garbage-Classification\data\raw\Garbage classification\Garbage classification\cardboard\cardboard303.jpg,cardboard303.jpg,cardboard
C:\Users\PC\Garbage-Classification\data\raw\Garbage classification\Garbage classification\paper\paper309.jpg,paper309.jpg,paper
C:\Users\PC\Garbage-Classification\data\raw\Garbage classification\Garbage classification\plastic\plastic272.jpg,plastic272.jpg,plastic
C:\Users\PC\Garbage-Classification\data\raw\Garbage classification\Garbage classification\cardboard\cardboard111.jpg,cardboard111.jpg,cardboard
C:\Users\PC\Garbage-Classification\data\raw\Garbage classification\Garbage classification\metal\metal107.jpg,metal107.jpg,metal
C:\Users\PC\Garbage-Classification\data\raw\Garbage classification\Garbage classification\glass\glass280.jpg,glass280.jpg,glass
C:\Users\PC\Garbage-Classification\data\raw\Garbage classification\Garbage classification\metal\metal112.jpg,metal112.jpg,metal
C:\Users\PC\Garbage-Classification\data\raw\Garbage classification\Garbage classification\metal\metal262.jpg,metal262.jpg,metal
C:\Users\PC\Garbage-Classification\data\raw\Garbage classification\Garbage classification\glass\glass8.jpg,glass8.jpg,glass
C:\Users\PC\Garbage-Classification\data\raw\Garbage classification\Garbage classification\trash\trash39.jpg,trash39.jpg,trash
C:\Users\PC\Garbage-Classification\data\raw\Garbage classification\Garbage classification\metal\metal38.jpg,metal38.jpg,metal
C:\Users\PC\Garbage-Classification\data\raw\Garbage classification\Garbage classification\paper\paper197.jpg,paper197.jpg,paper
C:\Users\PC\Garbage-Classification\data\raw\Garbage classification\Garbage classification\plastic\plastic442.jpg,plastic442.jpg,plastic
C:\Users\PC\Garbage-Classification\data\raw\Garbage classification\Garbage classification\plastic\plastic43.jpg,plastic43.jpg,plastic
C:\Users\PC\Garbage-Classification\data\raw\Garbage classification\Garbage classification\plastic\plastic56.jpg,plastic56.jpg,plastic
C:\Users\PC\Garbage-Classification\data\raw\Garbage classification\Garbage classification\cardboard\cardboard281.jpg,cardboard281.jpg,cardboard
C:\Users\PC\Garbage-Classification\data\raw\Garbage classification\Garbage classification\plastic\plastic18.jpg,plastic18.jpg,plastic
C:\Users\PC\Garbage-Classification\data\raw\Garbage classification\Garbage classification\plastic\plastic212.jpg,plastic212.jpg,plastic
C:\Users\PC\Garbage-Classification\data\raw\Garbage classification\Garbage classification\glass\glass10.jpg,glass10.jpg,glass
C:\Users\PC\Garbage-Classification\data\raw\Garbage classification\Garbage classification\plastic\plastic27.jpg,plastic27.jpg,plastic
C:\Users\PC\Garbage-Classification\data\raw\Garbage classification\Garbage classification\metal\metal181.jpg,metal181.jpg,metal
C:\Users\PC\Garbage-Classification\data\raw\Garbage classification\Garbage classification\glass\glass321.jpg,glass321.jpg,glass
C:\Users\PC\Garbage-Classification\data\raw\Garbage classification\Garbage classification\metal\metal151.jpg,metal151.jpg,metal
C:\Users\PC\Garbage-Classification\data\raw\Garbage classification\Garbage classification\plastic\plastic211.jpg,plastic211.jpg,plastic
C:\Users\PC\Garbage-Classification\data\raw\Garbage classification\Garbage classification\cardboard\cardboard109.jpg,cardboard109.jpg,cardboard
C:\Users\PC\Garbage-Classification\data\raw\Garbage classification\Garbage classification\metal\metal165.jpg,metal165.jpg,metal
C:\Users\PC\Garbage-Classification\data\raw\Garbage classification\Garbage classification\paper\paper509.jpg,paper509.jpg,paper
C:\Users\PC\Garbage-Classification\data\raw\Garbage classification\Garbage classification\cardboard\cardboard43.jpg,cardboard43.jpg,cardboard
C:\Users\PC\Garbage-Classification\data\raw\Garbage classification\Garbage classification\glass\glass177.jpg,glass177.jpg,glass
C:\Users\PC\Garbage-Classification\data\raw\Garbage classification\Garbage classification\glass\glass16.jpg,glass16.jpg,glass
C:\Users\PC\Garbage-Classification\data\raw\Garbage classification\Garbage classification\paper\paper96.jpg,paper96.jpg,paper
C:\Users\PC\Garbage-Classification\data\raw\Garbage classification\Garbage classification\trash\trash23.jpg,trash23.jpg,trash
C:\Users\PC\Garbage-Classification\data\raw\Garbage classification\Garbage classification\paper\paper495.jpg,paper495.jpg,paper
C:\Users\PC\Garbage-Classification\data\raw\Garbage classification\Garbage classification\paper\paper488.jpg,paper488.jpg,paper
C:\Users\PC\Garbage-Classification\data\raw\Garbage classification\Garbage classification\metal\metal243.jpg,metal243.jpg,metal
C:\Users\PC\Garbage-Classification\data\raw\Garbage classification\Garbage classification\cardboard\cardboard121.jpg,cardboard121.jpg,cardboard
C:\Users\PC\Garbage-Classification\data\raw\Garbage classification\Garbage classification\plastic\plastic290.jpg,plastic290.jpg,plastic
C:\Users\PC\Garbage-Classification\data\raw\Garbage classification\Garbage classification\trash\trash120.jpg,trash120.jpg,trash
C:\Users\PC\Garbage-Classification\data\raw\Garbage classification\Garbage classification\plastic\plastic297.jpg,plastic297.jpg,plastic
C:\Users\PC\Garbage-Classification\data\raw\Garbage classification\Garbage classification\paper\paper13.jpg,paper13.jpg,paper
C:\Users\PC\Garbage-Classification\data\raw\Garbage classification\Garbage classification\plastic\plastic343.jpg,plastic343.jpg,plastic
C:\Users\PC\Garbage-Classification\data\raw\Garbage classification\Garbage classification\plastic\plastic124.jpg,plastic124.jpg,plastic
C:\Users\PC\Garbage-Classification\data\raw\Garbage classification\Garbage classification\cardboard\cardboard360.jpg,cardboard360.jpg,cardboard
C:\Users\PC\Garbage-Classification\data\raw\Garbage classification\Garbage classification\cardboard\cardboard217.jpg,cardboard217.jpg,cardboard
C:\Users\PC\Garbage-Classification\data\raw\Garbage classification\Garbage classification\plastic\plastic358.jpg,plastic358.jpg,plastic
C:\Users\PC\Garbage-Classification\data\raw\Garbage classification\Garbage classification\glass\glass52.jpg,glass52.jpg,glass
C:\Users\PC\Garbage-Classification\data\raw\Garbage classification\Garbage classification\glass\glass398.jpg,glass398.jpg,glass
C:\Users\PC\Garbage-Classification\data\raw\Garbage classification\Garbage classification\plastic\plastic112.jpg,plastic112.jpg,plastic
C:\Users\PC\Garbage-Classification\data\raw\Garbage classification\Garbage classification\plastic\plastic8.jpg,plastic8.jpg,plastic
C:\Users\PC\Garbage-Classification\data\raw\Garbage classification\Garbage classification\paper\paper426.jpg,paper426.jpg,paper
C:\Users\PC\Garbage-Classification\data\raw\Garbage classification\Garbage classification\plastic\plastic312.jpg,plastic312.jpg,plastic
C:\Users\PC\Garbage-Classification\data\raw\Garbage classification\Garbage classification\paper\paper238.jpg,paper238.jpg,paper
C:\Users\PC\Garbage-Classification\data\raw\Garbage classification\Garbage classification\trash\trash86.jpg,trash86.jpg,trash
C:\Users\PC\Garbage-Classification\data\raw\Garbage classification\Garbage classification\paper\paper125.jpg,paper125.jpg,paper
C:\Users\PC\Garbage-Classification\data\raw\Garbage classification\Garbage classification\metal\metal288.jpg,metal288.jpg,metal
C:\Users\PC\Garbage-Classification\data\raw\Garbage classification\Garbage classification\metal\metal160.jpg,metal160.jpg,metal
C:\Users\PC\Garbage-Classification\data\raw\Garbage classification\Garbage classification\cardboard\cardboard244.jpg,cardboard244.jpg,cardboard
C:\Users\PC\Garbage-Classification\data\raw\Garbage classification\Garbage classification\paper\paper453.jpg,paper453.jpg,paper
C:\Users\PC\Garbage-Classification\data\raw\Garbage classification\Garbage classification\metal\metal203.jpg,metal203.jpg,metal
C:\Users\PC\Garbage-Classification\data\raw\Garbage classification\Garbage classification\plastic\plastic329.jpg,plastic329.jpg,plastic
C:\Users\PC\Garbage-Classification\data\raw\Garbage classification\Garbage classification\plastic\plastic346.jpg,plastic346.jpg,plastic
C:\Users\PC\Garbage-Classification\data\raw\Garbage classification\Garbage classification\glass\glass473.jpg,glass473.jpg,glass
C:\Users\PC\Garbage-Classification\data\raw\Garbage classification\Garbage classification\trash\trash26.jpg,trash26.jpg,trash
C:\Users\PC\Garbage-Classification\data\raw\Garbage classification\Garbage classification\paper\paper494.jpg,paper494.jpg,paper
C:\Users\PC\Garbage-Classification\data\raw\Garbage classification\Garbage classification\plastic\plastic220.jpg,plastic220.jpg,plastic
C:\Users\PC\Garbage-Classification\data\raw\Garbage classification\Garbage classification\plastic\plastic310.jpg,plastic310.jpg,plastic
C:\Users\PC\Garbage-Classification\data\raw\Garbage classification\Garbage classification\plastic\plastic299.jpg,plastic299.jpg,plastic
C:\Users\PC\Garbage-Classification\data\raw\Garbage classification\Garbage classification\glass\glass429.jpg,glass429.jpg,glass
C:\Users\PC\Garbage-Classification\data\raw\Garbage classification\Garbage classification\metal\metal295.jpg,metal295.jpg,metal
C:\Users\PC\Garbage-Classification\data\raw\Garbage classification\Garbage classification\cardboard\cardboard341.jpg,cardboard341.jpg,cardboard
C:\Users\PC\Garbage-Classification\data\raw\Garbage classification\Garbage classification\trash\trash61.jpg,trash61.jpg,trash
C:\Users\PC\Garbage-Classification\data\raw\Garbage classification\Garbage classification\metal\metal341.jpg,metal341.jpg,metal
C:\Users\PC\Garbage-Classification\data\raw\Garbage classification\Garbage classification\paper\paper166.jpg,paper166.jpg,paper
C:\Users\PC\Garbage-Classification\data\raw\Garbage classification\Garbage classification\paper\paper114.jpg,paper114.jpg,paper
C:\Users\PC\Garbage-Classification\data\raw\Garbage classification\Garbage classification\paper\paper393.jpg,paper393.jpg,paper
C:\Users\PC\Garbage-Classification\data\raw\Garbage classification\Garbage classification\paper\paper127.jpg,paper127.jpg,paper
C:\Users\PC\Garbage-Classification\data\raw\Garbage classification\Garbage classification\glass\glass289.jpg,glass289.jpg,glass
C:\Users\PC\Garbage-Classification\data\raw\Garbage classification\Garbage classification\plastic\plastic339.jpg,plastic339.jpg,plastic
C:\Users\PC\Garbage-Classification\data\raw\Garbage classification\Garbage classification\metal\metal344.jpg,metal344.jpg,metal
C:\Users\PC\Garbage-Classification\data\raw\Garbage classification\Garbage classification\plastic\plastic21.jpg,plastic21.jpg,plastic
C:\Users\PC\Garbage-Classification\data\raw\Garbage classification\Garbage classification\glass\glass40.jpg,glass40.jpg,glass
C:\Users\PC\Garbage-Classification\data\raw\Garbage classification\Garbage classification\paper\paper586.jpg,paper586.jpg,paper
C:\Users\PC\Garbage-Classification\data\raw\Garbage classification\Garbage classification\glass\glass409.jpg,glass409.jpg,glass
C:\Users\PC\Garbage-Classification\data\raw\Garbage classification\Garbage classification\paper\paper85.jpg,paper85.jpg,paper
C:\Users\PC\Garbage-Classification\data\raw\Garbage classification\Garbage classification\metal\metal133.jpg,metal133.jpg,metal
C:\Users\PC\Garbage-Classification\data\raw\Garbage classification\Garbage classification\glass\glass56.jpg,glass56.jpg,glass
C:\Users\PC\Garbage-Classification\data\raw\Garbage classification\Garbage classification\glass\glass184.jpg,glass184.jpg,glass
C:\Users\PC\Garbage-Classification\data\raw\Garbage classification\Garbage classification\cardboard\cardboard49.jpg,cardboard49.jpg,cardboard
C:\Users\PC\Garbage-Classification\data\raw\Garbage classification\Garbage classification\metal\metal171.jpg,metal171.jpg,metal
C:\Users\PC\Garbage-Classification\data\raw\Garbage classification\Garbage classification\plastic\plastic432.jpg,plastic432.jpg,plastic
C:\Users\PC\Garbage-Classification\data\raw\Garbage classification\Garbage classification\glass\glass259.jpg,glass259.jpg,glass
C:\Users\PC\Garbage-Classification\data\raw\Garbage classification\Garbage classification\glass\glass454.jpg,glass454.jpg,glass
C:\Users\PC\Garbage-Classification\data\raw\Garbage classification\Garbage classification\cardboard\cardboard12.jpg,cardboard12.jpg,cardboard
C:\Users\PC\Garbage-Classification\data\raw\Garbage classification\Garbage classification\trash\trash54.jpg,trash54.jpg,trash
C:\Users\PC\Garbage-Classification\data\raw\Garbage classification\Garbage classification\cardboard\cardboard246.jpg,cardboard246.jpg,cardboard
C:\Users\PC\Garbage-Classification\data\raw\Garbage classification\Garbage classification\paper\paper325.jpg,paper325.jpg,paper
C:\Users\PC\Garbage-Classification\data\raw\Garbage classification\Garbage classification\glass\glass448.jpg,glass448.jpg,glass
C:\Users\PC\Garbage-Classification\data\raw\Garbage classification\Garbage classification\metal\metal388.jpg,metal388.jpg,metal
C:\Users\PC\Garbage-Classification\data\raw\Garbage classification\Garbage classification\paper\paper18.jpg,paper18.jpg,paper
C:\Users\PC\Garbage-Classification\data\raw\Garbage classification\Garbage classification\metal\metal259.jpg,metal259.jpg,metal
C:\Users\PC\Garbage-Classification\data\raw\Garbage classification\Garbage classification\paper\paper206.jpg,paper206.jpg,paper
C:\Users\PC\Garbage-Classification\data\raw\Garbage classification\Garbage classification\metal\metal155.jpg,metal155.jpg,metal
C:\Users\PC\Garbage-Classification\data\raw\Garbage classification\Garbage classification\paper\paper263.jpg,paper263.jpg,paper
C:\Users\PC\Garbage-Classification\data\raw\Garbage classification\Garbage classification\paper\paper444.jpg,paper444.jpg,paper
C:\Users\PC\Garbage-Classification\data\raw\Garbage classification\Garbage classification\glass\glass236.jpg,glass236.jpg,glass
C:\Users\PC\Garbage-Classification\data\raw\Garbage classification\Garbage classification\glass\glass139.jpg,glass139.jpg,glass
C:\Users\PC\Garbage-Classification\data\raw\Garbage classification\Garbage classification\plastic\plastic31.jpg,plastic31.jpg,plastic
C:\Users\PC\Garbage-Classification\data\raw\Garbage classification\Garbage classification\plastic\plastic365.jpg,plastic365.jpg,plastic
C:\Users\PC\Garbage-Classification\data\raw\Garbage classification\Garbage classification\cardboard\cardboard81.jpg,cardboard81.jpg,cardboard
C:\Users\PC\Garbage-Classification\data\raw\Garbage classification\Garbage classification\metal\metal11.jpg,metal11.jpg,metal
C:\Users\PC\Garbage-Classification\data\raw\Garbage classification\Garbage classification\cardboard\cardboard139.jpg,cardboard139.jpg,cardboard
C:\Users\PC\Garbage-Classification\data\raw\Garbage classification\Garbage classification\plastic\plastic263.jpg,plastic263.jpg,plastic
C:\Users\PC\Garbage-Classification\data\raw\Garbage classification\Garbage classification\paper\paper278.jpg,paper278.jpg,paper
C:\Users\PC\Garbage-Classification\data\raw\Garbage classification\Garbage classification\paper\paper35.jpg,paper35.jpg,paper
C:\Users\PC\Garbage-Classification\data\raw\Garbage classification\Garbage classification\metal\metal53.jpg,metal53.jpg,metal
C:\Users\PC\Garbage-Classification\data\raw\Garbage classification\Garbage classification\paper\paper387.jpg,paper387.jpg,paper
C:\Users\PC\Garbage-Classification\data\raw\Garbage classification\Garbage classification\cardboard\cardboard311.jpg,cardboard311.jpg,cardboard
C:\Users\PC\Garbage-Classification\data\raw\Garbage classification\Garbage classification\plastic\plastic223.jpg,plastic223.jpg,plastic
C:\Users\PC\Garbage-Classification\data\raw\Garbage classification\Garbage classification\paper\paper141.jpg,paper141.jpg,paper
C:\Users\PC\Garbage-Classification\data\raw\Garbage classification\Garbage classification\glass\glass432.jpg,glass432.jpg,glass
C:\Users\PC\Garbage-Classification\data\raw\Garbage classification\Garbage classification\glass\glass4.jpg,glass4.jpg,glass
C:\Users\PC\Garbage-Classification\data\raw\Garbage classification\Garbage classification\metal\metal179.jpg,metal179.jpg,metal
C:\Users\PC\Garbage-Classification\data\raw\Garbage classification\Garbage classification\cardboard\cardboard374.jpg,cardboard374.jpg,cardboard
C:\Users\PC\Garbage-Classification\data\raw\Garbage classification\Garbage classification\glass\glass324.jpg,glass324.jpg,glass
C:\Users\PC\Garbage-Classification\data\raw\Garbage classification\Garbage classification\plastic\plastic149.jpg,plastic149.jpg,plastic
C:\Users\PC\Garbage-Classification\data\raw\Garbage classification\Garbage classification\cardboard\cardboard136.jpg,cardboard136.jpg,cardboard
C:\Users\PC\Garbage-Classification\data\raw\Garbage classification\Garbage classification\glass\glass92.jpg,glass92.jpg,glass
C:\Users\PC\Garbage-Classification\data\raw\Garbage classification\Garbage classification\paper\paper27.jpg,paper27.jpg,paper
C:\Users\PC\Garbage-Classification\data\raw\Garbage classification\Garbage classification\paper\paper36.jpg,paper36.jpg,paper
C:\Users\PC\Garbage-Classification\data\raw\Garbage classification\Garbage classification\trash\trash68.jpg,trash68.jpg,trash
C:\Users\PC\Garbage-Classification\data\raw\Garbage classification\Garbage classification\cardboard\cardboard237.jpg,cardboard237.jpg,cardboard
C:\Users\PC\Garbage-Classification\data\raw\Garbage classification\Garbage classification\cardboard\cardboard149.jpg,cardboard149.jpg,cardboard
C:\Users\PC\Garbage-Classification\data\raw\Garbage classification\Garbage classification\plastic\plastic450.jpg,plastic450.jpg,plastic
C:\Users\PC\Garbage-Classification\data\raw\Garbage classification\Garbage classification\cardboard\cardboard357.jpg,cardboard357.jpg,cardboard
C:\Users\PC\Garbage-Classification\data\raw\Garbage classification\Garbage classification\trash\trash66.jpg,trash66.jpg,trash
C:\Users\PC\Garbage-Classification\data\raw\Garbage classification\Garbage classification\glass\glass396.jpg,glass396.jpg,glass
C:\Users\PC\Garbage-Classification\data\raw\Garbage classification\Garbage classification\metal\metal117.jpg,metal117.jpg,metal
C:\Users\PC\Garbage-Classification\data\raw\Garbage classification\Garbage classification\glass\glass11.jpg,glass11.jpg,glass
C:\Users\PC\Garbage-Classification\data\raw\Garbage classification\Garbage classification\paper\paper62.jpg,paper62.jpg,paper
C:\Users\PC\Garbage-Classification\data\raw\Garbage classification\Garbage classification\metal\metal99.jpg,metal99.jpg,metal
C:\Users\PC\Garbage-Classification\data\raw\Garbage classification\Garbage classification\metal\metal275.jpg,metal275.jpg,metal
C:\Users\PC\Garbage-Classification\data\raw\Garbage classification\Garbage classification\plastic\plastic9.jpg,plastic9.jpg,plastic
C:\Users\PC\Garbage-Classification\data\raw\Garbage classification\Garbage classification\paper\paper42.jpg,paper42.jpg,paper
C:\Users\PC\Garbage-Classification\data\raw\Garbage classification\Garbage classification\metal\metal251.jpg,metal251.jpg,metal
C:\Users\PC\Garbage-Classification\data\raw\Garbage classification\Garbage classification\glass\glass182.jpg,glass182.jpg,glass
C:\Users\PC\Garbage-Classification\data\raw\Garbage classification\Garbage classification\paper\paper224.jpg,paper224.jpg,paper
C:\Users\PC\Garbage-Classification\data\raw\Garbage classification\Garbage classification\paper\paper177.jpg,paper177.jpg,paper
C:\Users\PC\Garbage-Classification\data\raw\Garbage classification\Garbage classification\metal\metal113.jpg,metal113.jpg,metal
C:\Users\PC\Garbage-Classification\data\raw\Garbage classification\Garbage classification\plastic\plastic459.jpg,plastic459.jpg,plastic
C:\Users\PC\Garbage-Classification\data\raw\Garbage classification\Garbage classification\glass\glass456.jpg,glass456.jpg,glass
C:\Users\PC\Garbage-Classification\data\raw\Garbage classification\Garbage classification\paper\paper303.jpg,paper303.jpg,paper
C:\Users\PC\Garbage-Classification\data\raw\Garbage classification\Garbage classification\cardboard\cardboard312.jpg,cardboard312.jpg,cardboard
C:\Users\PC\Garbage-Classification\data\raw\Garbage classification\Garbage classification\cardboard\cardboard108.jpg,cardboard108.jpg,cardboard
C:\Users\PC\Garbage-Classification\data\raw\Garbage classification\Garbage classification\paper\paper533.jpg,paper533.jpg,paper
C:\Users\PC\Garbage-Classification\data\raw\Garbage classification\Garbage classification\glass\glass317.jpg,glass317.jpg,glass
C:\Users\PC\Garbage-Classification\data\raw\Garbage classification\Garbage classification\cardboard\cardboard242.jpg,cardboard242.jpg,cardboard
C:\Users\PC\Garbage-Classification\data\raw\Garbage classification\Garbage classification\metal\metal367.jpg,metal367.jpg,metal
C:\Users\PC\Garbage-Classification\data\raw\Garbage classification\Garbage classification\trash\trash90.jpg,trash90.jpg,trash
C:\Users\PC\Garbage-Classification\data\raw\Garbage classification\Garbage classification\cardboard\cardboard346.jpg,cardboard346.jpg,cardboard
C:\Users\PC\Garbage-Classification\data\raw\Garbage classification\Garbage classification\paper\paper116.jpg,paper116.jpg,paper
C:\Users\PC\Garbage-Classification\data\raw\Garbage classification\Garbage classification\glass\glass232.jpg,glass232.jpg,glass
C:\Users\PC\Garbage-Classification\data\raw\Garbage classification\Garbage classification\plastic\plastic240.jpg,plastic240.jpg,plastic
C:\Users\PC\Garbage-Classification\data\raw\Garbage classification\Garbage classification\plastic\plastic468.jpg,plastic468.jpg,plastic
C:\Users\PC\Garbage-Classification\data\raw\Garbage classification\Garbage classification\trash\trash94.jpg,trash94.jpg,trash
C:\Users\PC\Garbage-Classification\data\raw\Garbage classification\Garbage classification\metal\metal267.jpg,metal267.jpg,metal
C:\Users\PC\Garbage-Classification\data\raw\Garbage classification\Garbage classification\metal\metal384.jpg,metal384.jpg,metal
C:\Users\PC\Garbage-Classification\data\raw\Garbage classification\Garbage classification\plastic\plastic15.jpg,plastic15.jpg,plastic
C:\Users\PC\Garbage-Classification\data\raw\Garbage classification\Garbage classification\glass\glass14.jpg,glass14.jpg,glass
C:\Users\PC\Garbage-Classification\data\raw\Garbage classification\Garbage classification\paper\paper496.jpg,paper496.jpg,paper
C:\Users\PC\Garbage-Classification\data\raw\Garbage classification\Garbage classification\paper\paper462.jpg,paper462.jpg,paper
C:\Users\PC\Garbage-Classification\data\raw\Garbage classification\Garbage classification\cardboard\cardboard61.jpg,cardboard61.jpg,cardboard
C:\Users\PC\Garbage-Classification\data\raw\Garbage classification\Garbage classification\paper\paper343.jpg,paper343.jpg,paper
C:\Users\PC\Garbage-Classification\data\raw\Garbage classification\Garbage classification\plastic\plastic320.jpg,plastic320.jpg,plastic
C:\Users\PC\Garbage-Classification\data\raw\Garbage classification\Garbage classification\paper\paper452.jpg,paper452.jpg,paper
C:\Users\PC\Garbage-Classification\data\raw\Garbage classification\Garbage classification\cardboard\cardboard202.jpg,cardboard202.jpg,cardboard
C:\Users\PC\Garbage-Classification\data\raw\Garbage classification\Garbage classification\plastic\plastic372.jpg,plastic372.jpg,plastic
C:\Users\PC\Garbage-Classification\data\raw\Garbage classification\Garbage classification\cardboard\cardboard115.jpg,cardboard115.jpg,cardboard
C:\Users\PC\Garbage-Classification\data\raw\Garbage classification\Garbage classification\trash\trash84.jpg,trash84.jpg,trash
C:\Users\PC\Garbage-Classification\data\raw\Garbage classification\Garbage classification\cardboard\cardboard220.jpg,cardboard220.jpg,cardboard
C:\Users\PC\Garbage-Classification\data\raw\Garbage classification\Garbage classification\plastic\plastic386.jpg,plastic386.jpg,plastic
C:\Users\PC\Garbage-Classification\data\raw\Garbage classification\Garbage classification\paper\paper350.jpg,paper350.jpg,paper
C:\Users\PC\Garbage-Classification\data\raw\Garbage classification\Garbage classification\cardboard\cardboard388.jpg,cardboard388.jpg,cardboard
C:\Users\PC\Garbage-Classification\data\raw\Garbage classification\Garbage classification\glass\glass145.jpg,glass145.jpg,glass
C:\Users\PC\Garbage-Classification\data\raw\Garbage classification\Garbage classification\plastic\plastic335.jpg,plastic335.jpg,plastic
C:\Users\PC\Garbage-Classification\data\raw\Garbage classification\Garbage classification\glass\glass368.jpg,glass368.jpg,glass
C:\Users\PC\Garbage-Classification\data\raw\Garbage classification\Garbage classification\metal\metal227.jpg,metal227.jpg,metal
C:\Users\PC\Garbage-Classification\data\raw\Garbage classification\Garbage classification\trash\trash33.jpg,trash33.jpg,trash
C:\Users\PC\Garbage-Classification\data\raw\Garbage classification\Garbage classification\glass\glass440.jpg,glass440.jpg,glass
C:\Users\PC\Garbage-Classification\data\raw\Garbage classification\Garbage classification\metal\metal407.jpg,metal407.jpg,metal
C:\Users\PC\Garbage-Classification\data\raw\Garbage classification\Garbage classification\cardboard\cardboard366.jpg,cardboard366.jpg,cardboard
C:\Users\PC\Garbage-Classification\data\raw\Garbage classification\Garbage classification\trash\trash38.jpg,trash38.jpg,trash
C:\Users\PC\Garbage-Classification\data\raw\Garbage classification\Garbage classification\metal\metal176.jpg,metal176.jpg,metal
C:\Users\PC\Garbage-Classification\data\raw\Garbage classification\Garbage classification\metal\metal296.jpg,metal296.jpg,metal
C:\Users\PC\Garbage-Classification\data\raw\Garbage classification\Garbage classification\paper\paper457.jpg,paper457.jpg,paper
C:\Users\PC\Garbage-Classification\data\raw\Garbage classification\Garbage classification\metal\metal372.jpg,metal372.jpg,metal
C:\Users\PC\Garbage-Classification\data\raw\Garbage classification\Garbage classification\cardboard\cardboard331.jpg,cardboard331.jpg,cardboard
C:\Users\PC\Garbage-Classification\data\raw\Garbage classification\Garbage classification\metal\metal192.jpg,metal192.jpg,metal
C:\Users\PC\Garbage-Classification\data\raw\Garbage classification\Garbage classification\cardboard\cardboard34.jpg,cardboard34.jpg,cardboard
C:\Users\PC\Garbage-Classification\data\raw\Garbage classification\Garbage classification\cardboard\cardboard72.jpg,cardboard72.jpg,cardboard
C:\Users\PC\Garbage-Classification\data\raw\Garbage classification\Garbage classification\metal\metal167.jpg,metal167.jpg,metal
C:\Users\PC\Garbage-Classification\data\raw\Garbage classification\Garbage classification\paper\paper458.jpg,paper458.jpg,paper
C:\Users\PC\Garbage-Classification\data\raw\Garbage classification\Garbage classification\plastic\plastic129.jpg,plastic129.jpg,plastic
C:\Users\PC\Garbage-Classification\data\raw\Garbage classification\Garbage classification\paper\paper466.jpg,paper466.jpg,paper
C:\Users\PC\Garbage-Classification\data\raw\Garbage classification\Garbage classification\paper\paper193.jpg,paper193.jpg,paper
C:\Users\PC\Garbage-Classification\data\raw\Garbage classification\Garbage classification\glass\glass244.jpg,glass244.jpg,glass
C:\Users\PC\Garbage-Classification\data\raw\Garbage classification\Garbage classification\glass\glass235.jpg,glass235.jpg,glass
C:\Users\PC\Garbage-Classification\data\raw\Garbage classification\Garbage classification\metal\metal224.jpg,metal224.jpg,metal
C:\Users\PC\Garbage-Classification\data\raw\Garbage classification\Garbage classification\paper\paper1.jpg,paper1.jpg,paper
C:\Users\PC\Garbage-Classification\data\raw\Garbage classification\Garbage classification\paper\paper39.jpg,paper39.jpg,paper
C:\Users\PC\Garbage-Classification\data\raw\Garbage classification\Garbage classification\plastic\plastic457.jpg,plastic457.jpg,plastic
C:\Users\PC\Garbage-Classification\data\raw\Garbage classification\Garbage classification\paper\paper47.jpg,paper47.jpg,paper
C:\Users\PC\Garbage-Classification\data\raw\Garbage classification\Garbage classification\metal\metal25.jpg,metal25.jpg,metal
C:\Users\PC\Garbage-Classification\data\raw\Garbage classification\Garbage classification\glass\glass413.jpg,glass413.jpg,glass
C:\Users\PC\Garbage-Classification\data\raw\Garbage classification\Garbage classification\plastic\plastic345.jpg,plastic345.jpg,plastic
C:\Users\PC\Garbage-Classification\data\raw\Garbage classification\Garbage classification\cardboard\cardboard87.jpg,cardboard87.jpg,cardboard
C:\Users\PC\Garbage-Classification\data\raw\Garbage classification\Garbage classification\glass\glass101.jpg,glass101.jpg,glass
C:\Users\PC\Garbage-Classification\data\raw\Garbage classification\Garbage classification\paper\paper173.jpg,paper173.jpg,paper
C:\Users\PC\Garbage-Classification\data\raw\Garbage classification\Garbage classification\plastic\plastic324.jpg,plastic324.jpg,plastic
C:\Users\PC\Garbage-Classification\data\raw\Garbage classification\Garbage classification\paper\paper259.jpg,paper259.jpg,paper
C:\Users\PC\Garbage-Classification\data\raw\Garbage classification\Garbage classification\metal\metal8.jpg,metal8.jpg,metal
C:\Users\PC\Garbage-Classification\data\raw\Garbage classification\Garbage classification\metal\metal282.jpg,metal282.jpg,metal
C:\Users\PC\Garbage-Classification\data\raw\Garbage classification\Garbage classification\trash\trash73.jpg,trash73.jpg,trash
C:\Users\PC\Garbage-Classification\data\raw\Garbage classification\Garbage classification\plastic\plastic160.jpg,plastic160.jpg,plastic
C:\Users\PC\Garbage-Classification\data\raw\Garbage classification\Garbage classification\metal\metal139.jpg,metal139.jpg,metal
C:\Users\PC\Garbage-Classification\data\raw\Garbage classification\Garbage classification\cardboard\cardboard391.jpg,cardboard391.jpg,cardboard
C:\Users\PC\Garbage-Classification\data\raw\Garbage classification\Garbage classification\cardboard\cardboard265.jpg,cardboard265.jpg,cardboard
C:\Users\PC\Garbage-Classification\data\raw\Garbage classification\Garbage classification\glass\glass338.jpg,glass338.jpg,glass
C:\Users\PC\Garbage-Classification\data\raw\Garbage classification\Garbage classification\metal\metal246.jpg,metal246.jpg,metal
C:\Users\PC\Garbage-Classification\data\raw\Garbage classification\Garbage classification\plastic\plastic429.jpg,plastic429.jpg,plastic
C:\Users\PC\Garbage-Classification\data\raw\Garbage classification\Garbage classification\cardboard\cardboard250.jpg,cardboard250.jpg,cardboard
C:\Users\PC\Garbage-Classification\data\raw\Garbage classification\Garbage classification\trash\trash59.jpg,trash59.jpg,trash
C:\Users\PC\Garbage-Classification\data\raw\Garbage classification\Garbage classification\metal\metal334.jpg,metal334.jpg,metal
C:\Users\PC\Garbage-Classification\data\raw\Garbage classification\Garbage classification\metal\metal201.jpg,metal201.jpg,metal
C:\Users\PC\Garbage-Classification\data\raw\Garbage classification\Garbage classification\cardboard\cardboard130.jpg,cardboard130.jpg,cardboard
C:\Users\PC\Garbage-Classification\data\raw\Garbage classification\Garbage classification\cardboard\cardboard320.jpg,cardboard320.jpg,cardboard
C:\Users\PC\Garbage-Classification\data\raw\Garbage classification\Garbage classification\plastic\plastic114.jpg,plastic114.jpg,plastic
C:\Users\PC\Garbage-Classification\data\raw\Garbage classification\Garbage classification\metal\metal195.jpg,metal195.jpg,metal
C:\Users\PC\Garbage-Classification\data\raw\Garbage classification\Garbage classification\paper\paper50.jpg,paper50.jpg,paper
C:\Users\PC\Garbage-Classification\data\raw\Garbage classification\Garbage classification\glass\glass472.jpg,glass472.jpg,glass
C:\Users\PC\Garbage-Classification\data\raw\Garbage classification\Garbage classification\plastic\plastic224.jpg,plastic224.jpg,plastic
C:\Users\PC\Garbage-Classification\data\raw\Garbage classification\Garbage classification\cardboard\cardboard42.jpg,cardboard42.jpg,cardboard
C:\Users\PC\Garbage-Classification\data\raw\Garbage classification\Garbage classification\metal\metal43.jpg,metal43.jpg,metal
C:\Users\PC\Garbage-Classification\data\raw\Garbage classification\Garbage classification\glass\glass484.jpg,glass484.jpg,glass
C:\Users\PC\Garbage-Classification\data\raw\Garbage classification\Garbage classification\plastic\plastic185.jpg,plastic185.jpg,plastic
C:\Users\PC\Garbage-Classification\data\raw\Garbage classification\Garbage classification\metal\metal94.jpg,metal94.jpg,metal
C:\Users\PC\Garbage-Classification\data\raw\Garbage classification\Garbage classification\plastic\plastic163.jpg,plastic163.jpg,plastic
C:\Users\PC\Garbage-Classification\data\raw\Garbage classification\Garbage classification\metal\metal364.jpg,metal364.jpg,metal
C:\Users\PC\Garbage-Classification\data\raw\Garbage classification\Garbage classification\paper\paper411.jpg,paper411.jpg,paper
C:\Users\PC\Garbage-Classification\data\raw\Garbage classification\Garbage classification\paper\paper498.jpg,paper498.jpg,paper
C:\Users\PC\Garbage-Classification\data\raw\Garbage classification\Garbage classification\metal\metal311.jpg,metal311.jpg,metal
C:\Users\PC\Garbage-Classification\data\raw\Garbage classification\Garbage classification\metal\metal60.jpg,metal60.jpg,metal
C:\Users\PC\Garbage-Classification\data\raw\Garbage classification\Garbage classification\glass\glass173.jpg,glass173.jpg,glass
C:\Users\PC\Garbage-Classification\data\raw\Garbage classification\Garbage classification\glass\glass492.jpg,glass492.jpg,glass
C:\Users\PC\Garbage-Classification\data\raw\Garbage classification\Garbage classification\cardboard\cardboard298.jpg,cardboard298.jpg,cardboard
C:\Users\PC\Garbage-Classification\data\raw\Garbage classification\Garbage classification\glass\glass86.jpg,glass86.jpg,glass
C:\Users\PC\Garbage-Classification\data\raw\Garbage classification\Garbage classification\cardboard\cardboard371.jpg,cardboard371.jpg,cardboard
C:\Users\PC\Garbage-Classification\data\raw\Garbage classification\Garbage classification\glass\glass342.jpg,glass342.jpg,glass
C:\Users\PC\Garbage-Classification\data\raw\Garbage classification\Garbage classification\glass\glass159.jpg,glass159.jpg,glass
C:\Users\PC\Garbage-Classification\data\raw\Garbage classification\Garbage classification\paper\paper60.jpg,paper60.jpg,paper
C:\Users\PC\Garbage-Classification\data\raw\Garbage classification\Garbage classification\plastic\plastic148.jpg,plastic148.jpg,plastic
C:\Users\PC\Garbage-Classification\data\raw\Garbage classification\Garbage classification\plastic\plastic17.jpg,plastic17.jpg,plastic
C:\Users\PC\Garbage-Classification\data\raw\Garbage classification\Garbage classification\plastic\plastic308.jpg,plastic308.jpg,plastic
C:\Users\PC\Garbage-Classification\data\raw\Garbage classification\Garbage classification\cardboard\cardboard113.jpg,cardboard113.jpg,cardboard
C:\Users\PC\Garbage-Classification\data\raw\Garbage classification\Garbage classification\cardboard\cardboard90.jpg,cardboard90.jpg,cardboard
C:\Users\PC\Garbage-Classification\data\raw\Garbage classification\Garbage classification\trash\trash3.jpg,trash3.jpg,trash
C:\Users\PC\Garbage-Classification\data\raw\Garbage classification\Garbage classification\glass\glass200.jpg,glass200.jpg,glass
C:\Users\PC\Garbage-Classification\data\raw\Garbage classification\Garbage classification\paper\paper554.jpg,paper554.jpg,paper
C:\Users\PC\Garbage-Classification\data\raw\Garbage classification\Garbage classification\glass\glass155.jpg,glass155.jpg,glass
C:\Users\PC\Garbage-Classification\data\raw\Garbage classification\Garbage classification\glass\glass79.jpg,glass79.jpg,glass
C:\Users\PC\Garbage-Classification\data\raw\Garbage classification\Garbage classification\trash\trash130.jpg,trash130.jpg,trash
C:\Users\PC\Garbage-Classification\data\raw\Garbage classification\Garbage classification\glass\glass128.jpg,glass128.jpg,glass
C:\Users\PC\Garbage-Classification\data\raw\Garbage classification\Garbage classification\cardboard\cardboard364.jpg,cardboard364.jpg,cardboard
C:\Users\PC\Garbage-Classification\data\raw\Garbage classification\Garbage classification\plastic\plastic384.jpg,plastic384.jpg,plastic
C:\Users\PC\Garbage-Classification\data\raw\Garbage classification\Garbage classification\glass\glass191.jpg,glass191.jpg,glass
C:\Users\PC\Garbage-Classification\data\raw\Garbage classification\Garbage classification\glass\glass78.jpg,glass78.jpg,glass
C:\Users\PC\Garbage-Classification\data\raw\Garbage classification\Garbage classification\plastic\plastic71.jpg,plastic71.jpg,plastic
C:\Users\PC\Garbage-Classification\data\raw\Garbage classification\Garbage classification\glass\glass12.jpg,glass12.jpg,glass
C:\Users\PC\Garbage-Classification\data\raw\Garbage classification\Garbage classification\plastic\plastic472.jpg,plastic472.jpg,plastic
C:\Users\PC\Garbage-Classification\data\raw\Garbage classification\Garbage classification\cardboard\cardboard194.jpg,cardboard194.jpg,cardboard
C:\Users\PC\Garbage-Classification\data\raw\Garbage classification\Garbage classification\paper\paper23.jpg,paper23.jpg,paper
C:\Users\PC\Garbage-Classification\data\raw\Garbage classification\Garbage classification\paper\paper41.jpg,paper41.jpg,paper
C:\Users\PC\Garbage-Classification\data\raw\Garbage classification\Garbage classification\paper\paper521.jpg,paper521.jpg,paper
C:\Users\PC\Garbage-Classification\data\raw\Garbage classification\Garbage classification\paper\paper552.jpg,paper552.jpg,paper
C:\Users\PC\Garbage-Classification\data\raw\Garbage classification\Garbage classification\cardboard\cardboard291.jpg,cardboard291.jpg,cardboard
C:\Users\PC\Garbage-Classification\data\raw\Garbage classification\Garbage classification\cardboard\cardboard212.jpg,cardboard212.jpg,cardboard
C:\Users\PC\Garbage-Classification\data\raw\Garbage classification\Garbage classification\plastic\plastic447.jpg,plastic447.jpg,plastic
C:\Users\PC\Garbage-Classification\data\raw\Garbage classification\Garbage classification\plastic\plastic145.jpg,plastic145.jpg,plastic
C:\Users\PC\Garbage-Classification\data\raw\Garbage classification\Garbage classification\cardboard\cardboard230.jpg,cardboard230.jpg,cardboard
C:\Users\PC\Garbage-Classification\data\raw\Garbage classification\Garbage classification\plastic\plastic26.jpg,plastic26.jpg,plastic
C:\Users\PC\Garbage-Classification\data\raw\Garbage classification\Garbage classification\metal\metal156.jpg,metal156.jpg,metal
C:\Users\PC\Garbage-Classification\data\raw\Garbage classification\Garbage classification\metal\metal252.jpg,metal252.jpg,metal
C:\Users\PC\Garbage-Classification\data\raw\Garbage classification\Garbage classification\plastic\plastic403.jpg,plastic403.jpg,plastic
C:\Users\PC\Garbage-Classification\data\raw\Garbage classification\Garbage classification\glass\glass247.jpg,glass247.jpg,glass
C:\Users\PC\Garbage-Classification\data\raw\Garbage classification\Garbage classification\plastic\plastic425.jpg,plastic425.jpg,plastic
C:\Users\PC\Garbage-Classification\data\raw\Garbage classification\Garbage classification\metal\metal122.jpg,metal122.jpg,metal
C:\Users\PC\Garbage-Classification\data\raw\Garbage classification\Garbage classification\glass\glass48.jpg,glass48.jpg,glass
C:\Users\PC\Garbage-Classification\data\raw\Garbage classification\Garbage classification\paper\paper163.jpg,paper163.jpg,paper
C:\Users\PC\Garbage-Classification\data\raw\Garbage classification\Garbage classification\paper\paper236.jpg,paper236.jpg,paper
C:\Users\PC\Garbage-Classification\data\raw\Garbage classification\Garbage classification\cardboard\cardboard358.jpg,cardboard358.jpg,cardboard
C:\Users\PC\Garbage-Classification\data\raw\Garbage classification\Garbage classification\plastic\plastic100.jpg,plastic100.jpg,plastic
C:\Users\PC\Garbage-Classification\data\raw\Garbage classification\Garbage classification\metal\metal358.jpg,metal358.jpg,metal
C:\Users\PC\Garbage-Classification\data\raw\Garbage classification\Garbage classification\glass\glass463.jpg,glass463.jpg,glass
C:\Users\PC\Garbage-Classification\data\raw\Garbage classification\Garbage classification\paper\paper476.jpg,paper476.jpg,paper
C:\Users\PC\Garbage-Classification\data\raw\Garbage classification\Garbage classification\cardboard\cardboard314.jpg,cardboard314.jpg,cardboard
C:\Users\PC\Garbage-Classification\data\raw\Garbage classification\Garbage classification\paper\paper562.jpg,paper562.jpg,paper
C:\Users\PC\Garbage-Classification\data\raw\Garbage classification\Garbage classification\plastic\plastic249.jpg,plastic249.jpg,plastic
C:\Users\PC\Garbage-Classification\data\raw\Garbage classification\Garbage classification\metal\metal362.jpg,metal362.jpg,metal
C:\Users\PC\Garbage-Classification\data\raw\Garbage classification\Garbage classification\glass\glass175.jpg,glass175.jpg,glass
C:\Users\PC\Garbage-Classification\data\raw\Garbage classification\Garbage classification\plastic\plastic57.jpg,plastic57.jpg,plastic
C:\Users\PC\Garbage-Classification\data\raw\Garbage classification\Garbage classification\paper\paper81.jpg,paper81.jpg,paper
C:\Users\PC\Garbage-Classification\data\raw\Garbage classification\Garbage classification\paper\paper380.jpg,paper380.jpg,paper
C:\Users\PC\Garbage-Classification\data\raw\Garbage classification\Garbage classification\metal\metal105.jpg,metal105.jpg,metal
C:\Users\PC\Garbage-Classification\data\raw\Garbage classification\Garbage classification\plastic\plastic24.jpg,plastic24.jpg,plastic
C:\Users\PC\Garbage-Classification\data\raw\Garbage classification\Garbage classification\paper\paper370.jpg,paper370.jpg,paper
C:\Users\PC\Garbage-Classification\data\raw\Garbage classification\Garbage classification\paper\paper571.jpg,paper571.jpg,paper
C:\Users\PC\Garbage-Classification\data\raw\Garbage classification\Garbage classification\plastic\plastic222.jpg,plastic222.jpg,plastic
C:\Users\PC\Garbage-Classification\data\raw\Garbage classification\Garbage classification\cardboard\cardboard106.jpg,cardboard106.jpg,cardboard
C:\Users\PC\Garbage-Classification\data\raw\Garbage classification\Garbage classification\plastic\plastic414.jpg,plastic414.jpg,plastic
C:\Users\PC\Garbage-Classification\data\raw\Garbage classification\Garbage classification\cardboard\cardboard128.jpg,cardboard128.jpg,cardboard
C:\Users\PC\Garbage-Classification\data\raw\Garbage classification\Garbage classification\paper\paper282.jpg,paper282.jpg,paper
C:\Users\PC\Garbage-Classification\data\raw\Garbage classification\Garbage classification\cardboard\cardboard182.jpg,cardboard182.jpg,cardboard
C:\Users\PC\Garbage-Classification\data\raw\Garbage classification\Garbage classification\cardboard\cardboard386.jpg,cardboard386.jpg,cardboard
C:\Users\PC\Garbage-Classification\data\raw\Garbage classification\Garbage classification\metal\metal347.jpg,metal347.jpg,metal
C:\Users\PC\Garbage-Classification\data\raw\Garbage classification\Garbage classification\plastic\plastic431.jpg,plastic431.jpg,plastic
C:\Users\PC\Garbage-Classification\data\raw\Garbage classification\Garbage classification\paper\paper384.jpg,paper384.jpg,paper
C:\Users\PC\Garbage-Classification\data\raw\Garbage classification\Garbage classification\glass\glass442.jpg,glass442.jpg,glass
C:\Users\PC\Garbage-Classification\data\raw\Garbage classification\Garbage classification\trash\trash128.jpg,trash128.jpg,trash
C:\Users\PC\Garbage-Classification\data\raw\Garbage classification\Garbage classification\plastic\plastic370.jpg,plastic370.jpg,plastic
C:\Users\PC\Garbage-Classification\data\raw\Garbage classification\Garbage classification\cardboard\cardboard403.jpg,cardboard403.jpg,cardboard
C:\Users\PC\Garbage-Classification\data\raw\Garbage classification\Garbage classification\trash\trash42.jpg,trash42.jpg,trash
C:\Users\PC\Garbage-Classification\data\raw\Garbage classification\Garbage classification\metal\metal307.jpg,metal307.jpg,metal
C:\Users\PC\Garbage-Classification\data\raw\Garbage classification\Garbage classification\glass\glass251.jpg,glass251.jpg,glass
C:\Users\PC\Garbage-Classification\data\raw\Garbage classification\Garbage classification\cardboard\cardboard150.jpg,cardboard150.jpg,cardboard
C:\Users\PC\Garbage-Classification\data\raw\Garbage classification\Garbage classification\glass\glass5.jpg,glass5.jpg,glass
C:\Users\PC\Garbage-Classification\data\raw\Garbage classification\Garbage classification\cardboard\cardboard198.jpg,cardboard198.jpg,cardboard
C:\Users\PC\Garbage-Classification\data\raw\Garbage classification\Garbage classification\cardboard\cardboard33.jpg,cardboard33.jpg,cardboard
C:\Users\PC\Garbage-Classification\data\raw\Garbage classification\Garbage classification\cardboard\cardboard294.jpg,cardboard294.jpg,cardboard
C:\Users\PC\Garbage-Classification\data\raw\Garbage classification\Garbage classification\cardboard\cardboard126.jpg,cardboard126.jpg,cardboard
C:\Users\PC\Garbage-Classification\data\raw\Garbage classification\Garbage classification\paper\paper329.jpg,paper329.jpg,paper
C:\Users\PC\Garbage-Classification\data\raw\Garbage classification\Garbage classification\paper\paper375.jpg,paper375.jpg,paper
C:\Users\PC\Garbage-Classification\data\raw\Garbage classification\Garbage classification\plastic\plastic104.jpg,plastic104.jpg,plastic
C:\Users\PC\Garbage-Classification\data\raw\Garbage classification\Garbage classification\cardboard\cardboard234.jpg,cardboard234.jpg,cardboard
C:\Users\PC\Garbage-Classification\data\raw\Garbage classification\Garbage classification\cardboard\cardboard129.jpg,cardboard129.jpg,cardboard
C:\Users\PC\Garbage-Classification\data\raw\Garbage classification\Garbage classification\metal\metal339.jpg,metal339.jpg,metal
C:\Users\PC\Garbage-Classification\data\raw\Garbage classification\Garbage classification\plastic\plastic264.jpg,plastic264.jpg,plastic
C:\Users\PC\Garbage-Classification\data\raw\Garbage classification\Garbage classification\paper\paper155.jpg,paper155.jpg,paper
C:\Users\PC\Garbage-Classification\data\raw\Garbage classification\Garbage classification\glass\glass420.jpg,glass420.jpg,glass
C:\Users\PC\Garbage-Classification\data\raw\Garbage classification\Garbage classification\paper\paper307.jpg,paper307.jpg,paper
C:\Users\PC\Garbage-Classification\data\raw\Garbage classification\Garbage classification\metal\metal46.jpg,metal46.jpg,metal
C:\Users\PC\Garbage-Classification\data\raw\Garbage classification\Garbage classification\plastic\plastic194.jpg,plastic194.jpg,plastic
C:\Users\PC\Garbage-Classification\data\raw\Garbage classification\Garbage classification\trash\trash76.jpg,trash76.jpg,trash
C:\Users\PC\Garbage-Classification\data\raw\Garbage classification\Garbage classification\cardboard\cardboard193.jpg,cardboard193.jpg,cardboard
C:\Users\PC\Garbage-Classification\data\raw\Garbage classification\Garbage classification\paper\paper158.jpg,paper158.jpg,paper
C:\Users\PC\Garbage-Classification\data\raw\Garbage classification\Garbage classification\paper\paper275.jpg,paper275.jpg,paper
C:\Users\PC\Garbage-Classification\data\raw\Garbage classification\Garbage classification\metal\metal351.jpg,metal351.jpg,metal
C:\Users\PC\Garbage-Classification\data\raw\Garbage classification\Garbage classification\cardboard\cardboard164.jpg,cardboard164.jpg,cardboard
C:\Users\PC\Garbage-Classification\data\raw\Garbage classification\Garbage classification\cardboard\cardboard355.jpg,cardboard355.jpg,cardboard
C:\Users\PC\Garbage-Classification\data\raw\Garbage classification\Garbage classification\plastic\plastic190.jpg,plastic190.jpg,plastic
C:\Users\PC\Garbage-Classification\data\raw\Garbage classification\Garbage classification\paper\paper558.jpg,paper558.jpg,paper
C:\Users\PC\Garbage-Classification\data\raw\Garbage classification\Garbage classification\glass\glass406.jpg,glass406.jpg,glass
C:\Users\PC\Garbage-Classification\data\raw\Garbage classification\Garbage classification\plastic\plastic305.jpg,plastic305.jpg,plastic
C:\Users\PC\Garbage-Classification\data\raw\Garbage classification\Garbage classification\paper\paper53.jpg,paper53.jpg,paper
C:\Users\PC\Garbage-Classification\data\raw\Garbage classification\Garbage classification\cardboard\cardboard159.jpg,cardboard159.jpg,cardboard
C:\Users\PC\Garbage-Classification\data\raw\Garbage classification\Garbage classification\metal\metal241.jpg,metal241.jpg,metal
C:\Users\PC\Garbage-Classification\data\raw\Garbage classification\Garbage classification\cardboard\cardboard102.jpg,cardboard102.jpg,cardboard
C:\Users\PC\Garbage-Classification\data\raw\Garbage classification\Garbage classification\glass\glass239.jpg,glass239.jpg,glass
C:\Users\PC\Garbage-Classification\data\raw\Garbage classification\Garbage classification\plastic\plastic89.jpg,plastic89.jpg,plastic
C:\Users\PC\Garbage-Classification\data\raw\Garbage classification\Garbage classification\glass\glass45.jpg,glass45.jpg,glass
C:\Users\PC\Garbage-Classification\data\raw\Garbage classification\Garbage classification\cardboard\cardboard162.jpg,cardboard162.jpg,cardboard
C:\Users\PC\Garbage-Classification\data\raw\Garbage classification\Garbage classification\glass\glass287.jpg,glass287.jpg,glass
C:\Users\PC\Garbage-Classification\data\raw\Garbage classification\Garbage classification\paper\paper277.jpg,paper277.jpg,paper
C:\Users\PC\Garbage-Classification\data\raw\Garbage classification\Garbage classification\metal\metal140.jpg,metal140.jpg,metal
C:\Users\PC\Garbage-Classification\data\raw\Garbage classification\Garbage classification\paper\paper201.jpg,paper201.jpg,paper
C:\Users\PC\Garbage-Classification\data\raw\Garbage classification\Garbage classification\paper\paper506.jpg,paper506.jpg,paper
C:\Users\PC\Garbage-Classification\data\raw\Garbage classification\Garbage classification\glass\glass436.jpg,glass436.jpg,glass
C:\Users\PC\Garbage-Classification\data\raw\Garbage classification\Garbage classification\metal\metal106.jpg,metal106.jpg,metal
C:\Users\PC\Garbage-Classification\data\raw\Garbage classification\Garbage classification\plastic\plastic473.jpg,plastic473.jpg,plastic
C:\Users\PC\Garbage-Classification\data\raw\Garbage classification\Garbage classification\paper\paper456.jpg,paper456.jpg,paper
C:\Users\PC\Garbage-Classification\data\raw\Garbage classification\Garbage classification\glass\glass195.jpg,glass195.jpg,glass
C:\Users\PC\Garbage-Classification\data\raw\Garbage classification\Garbage classification\paper\paper145.jpg,paper145.jpg,paper
C:\Users\PC\Garbage-Classification\data\raw\Garbage classification\Garbage classification\glass\glass366.jpg,glass366.jpg,glass
C:\Users\PC\Garbage-Classification\data\raw\Garbage classification\Garbage classification\plastic\plastic126.jpg,plastic126.jpg,plastic
C:\Users\PC\Garbage-Classification\data\raw\Garbage classification\Garbage classification\cardboard\cardboard123.jpg,cardboard123.jpg,cardboard
C:\Users\PC\Garbage-Classification\data\raw\Garbage classification\Garbage classification\metal\metal353.jpg,metal353.jpg,metal
C:\Users\PC\Garbage-Classification\data\raw\Garbage classification\Garbage classification\plastic\plastic193.jpg,plastic193.jpg,plastic
C:\Users\PC\Garbage-Classification\data\raw\Garbage classification\Garbage classification\plastic\plastic254.jpg,plastic254.jpg,plastic
C:\Users\PC\Garbage-Classification\data\raw\Garbage classification\Garbage classification\paper\paper412.jpg,paper412.jpg,paper
C:\Users\PC\Garbage-Classification\data\raw\Garbage classification\Garbage classification\metal\metal50.jpg,metal50.jpg,metal
C:\Users\PC\Garbage-Classification\data\raw\Garbage classification\Garbage classification\cardboard\cardboard26.jpg,cardboard26.jpg,cardboard
C:\Users\PC\Garbage-Classification\data\raw\Garbage classification\Garbage classification\cardboard\cardboard172.jpg,cardboard172.jpg,cardboard
C:\Users\PC\Garbage-Classification\data\raw\Garbage classification\Garbage classification\glass\glass308.jpg,glass308.jpg,glass
C:\Users\PC\Garbage-Classification\data\raw\Garbage classification\Garbage classification\metal\metal102.jpg,metal102.jpg,metal
C:\Users\PC\Garbage-Classification\data\raw\Garbage classification\Garbage classification\metal\metal410.jpg,metal410.jpg,metal
C:\Users\PC\Garbage-Classification\data\raw\Garbage classification\Garbage classification\paper\paper131.jpg,paper131.jpg,paper
C:\Users\PC\Garbage-Classification\data\raw\Garbage classification\Garbage classification\paper\paper288.jpg,paper288.jpg,paper
C:\Users\PC\Garbage-Classification\data\raw\Garbage classification\Garbage classification\cardboard\cardboard222.jpg,cardboard222.jpg,cardboard
C:\Users\PC\Garbage-Classification\data\raw\Garbage classification\Garbage classification\glass\glass387.jpg,glass387.jpg,glass
C:\Users\PC\Garbage-Classification\data\raw\Garbage classification\Garbage classification\plastic\plastic455.jpg,plastic455.jpg,plastic
C:\Users\PC\Garbage-Classification\data\raw\Garbage classification\Garbage classification\paper\paper324.jpg,paper324.jpg,paper
C:\Users\PC\Garbage-Classification\data\raw\Garbage classification\Garbage classification\paper\paper156.jpg,paper156.jpg,paper
C:\Users\PC\Garbage-Classification\data\raw\Garbage classification\Garbage classification\cardboard\cardboard64.jpg,cardboard64.jpg,cardboard
C:\Users\PC\Garbage-Classification\data\raw\Garbage classification\Garbage classification\cardboard\cardboard293.jpg,cardboard293.jpg,cardboard
C:\Users\PC\Garbage-Classification\data\raw\Garbage classification\Garbage classification\metal\metal163.jpg,metal163.jpg,metal
C:\Users\PC\Garbage-Classification\data\raw\Garbage classification\Garbage classification\paper\paper57.jpg,paper57.jpg,paper
C:\Users\PC\Garbage-Classification\data\raw\Garbage classification\Garbage classification\glass\glass337.jpg,glass337.jpg,glass
C:\Users\PC\Garbage-Classification\data\raw\Garbage classification\Garbage classification\metal\metal330.jpg,metal330.jpg,metal
C:\Users\PC\Garbage-Classification\data\raw\Garbage classification\Garbage classification\glass\glass493.jpg,glass493.jpg,glass
C:\Users\PC\Garbage-Classification\data\raw\Garbage classification\Garbage classification\plastic\plastic179.jpg,plastic179.jpg,plastic
C:\Users\PC\Garbage-Classification\data\raw\Garbage classification\Garbage classification\metal\metal378.jpg,metal378.jpg,metal
C:\Users\PC\Garbage-Classification\data\raw\Garbage classification\Garbage classification\glass\glass450.jpg,glass450.jpg,glass
C:\Users\PC\Garbage-Classification\data\raw\Garbage classification\Garbage classification\metal\metal115.jpg,metal115.jpg,metal
C:\Users\PC\Garbage-Classification\data\raw\Garbage classification\Garbage classification\metal\metal210.jpg,metal210.jpg,metal
C:\Users\PC\Garbage-Classification\data\raw\Garbage classification\Garbage classification\paper\paper316.jpg,paper316.jpg,paper
C:\Users\PC\Garbage-Classification\data\raw\Garbage classification\Garbage classification\paper\paper89.jpg,paper89.jpg,paper
C:\Users\PC\Garbage-Classification\data\raw\Garbage classification\Garbage classification\glass\glass446.jpg,glass446.jpg,glass
C:\Users\PC\Garbage-Classification\data\raw\Garbage classification\Garbage classification\cardboard\cardboard368.jpg,cardboard368.jpg,cardboard
C:\Users\PC\Garbage-Classification\data\raw\Garbage classification\Garbage classification\paper\paper447.jpg,paper447.jpg,paper
C:\Users\PC\Garbage-Classification\data\raw\Garbage classification\Garbage classification\cardboard\cardboard25.jpg,cardboard25.jpg,cardboard
C:\Users\PC\Garbage-Classification\data\raw\Garbage classification\Garbage classification\plastic\plastic65.jpg,plastic65.jpg,plastic
C:\Users\PC\Garbage-Classification\data\raw\Garbage classification\Garbage classification\glass\glass102.jpg,glass102.jpg,glass
C:\Users\PC\Garbage-Classification\data\raw\Garbage classification\Garbage classification\plastic\plastic19.jpg,plastic19.jpg,plastic
C:\Users\PC\Garbage-Classification\data\raw\Garbage classification\Garbage classification\paper\paper144.jpg,paper144.jpg,paper
C:\Users\PC\Garbage-Classification\data\raw\Garbage classification\Garbage classification\cardboard\cardboard167.jpg,cardboard167.jpg,cardboard
C:\Users\PC\Garbage-Classification\data\raw\Garbage classification\Garbage classification\glass\glass62.jpg,glass62.jpg,glass
C:\Users\PC\Garbage-Classification\data\raw\Garbage classification\Garbage classification\glass\glass103.jpg,glass103.jpg,glass
C:\Users\PC\Garbage-Classification\data\raw\Garbage classification\Garbage classification\glass\glass400.jpg,glass400.jpg,glass
C:\Users\PC\Garbage-Classification\data\raw\Garbage classification\Garbage classification\glass\glass257.jpg,glass257.jpg,glass
C:\Users\PC\Garbage-Classification\data\raw\Garbage classification\Garbage classification\glass\glass207.jpg,glass207.jpg,glass
C:\Users\PC\Garbage-Classification\data\raw\Garbage classification\Garbage classification\metal\metal298.jpg,metal298.jpg,metal
C:\Users\PC\Garbage-Classification\data\raw\Garbage classification\Garbage classification\plastic\plastic11.jpg,plastic11.jpg,plastic
C:\Users\PC\Garbage-Classification\data\raw\Garbage classification\Garbage classification\metal\metal153.jpg,metal153.jpg,metal
C:\Users\PC\Garbage-Classification\data\raw\Garbage classification\Garbage classification\cardboard\cardboard322.jpg,cardboard322.jpg,cardboard
C:\Users\PC\Garbage-Classification\data\raw\Garbage classification\Garbage classification\glass\glass481.jpg,glass481.jpg,glass
C:\Users\PC\Garbage-Classification\data\raw\Garbage classification\Garbage classification\paper\paper115.jpg,paper115.jpg,paper
C:\Users\PC\Garbage-Classification\data\raw\Garbage classification\Garbage classification\paper\paper9.jpg,paper9.jpg,paper
C:\Users\PC\Garbage-Classification\data\raw\Garbage classification\Garbage classification\cardboard\cardboard315.jpg,cardboard315.jpg,cardboard
C:\Users\PC\Garbage-Classification\data\raw\Garbage classification\Garbage classification\glass\glass226.jpg,glass226.jpg,glass
C:\Users\PC\Garbage-Classification\data\raw\Garbage classification\Garbage classification\glass\glass130.jpg,glass130.jpg,glass
C:\Users\PC\Garbage-Classification\data\raw\Garbage classification\Garbage classification\metal\metal322.jpg,metal322.jpg,metal
C:\Users\PC\Garbage-Classification\data\raw\Garbage classification\Garbage classification\paper\paper434.jpg,paper434.jpg,paper
C:\Users\PC\Garbage-Classification\data\raw\Garbage classification\Garbage classification\glass\glass384.jpg,glass384.jpg,glass
C:\Users\PC\Garbage-Classification\data\raw\Garbage classification\Garbage classification\paper\paper74.jpg,paper74.jpg,paper
C:\Users\PC\Garbage-Classification\data\raw\Garbage classification\Garbage classification\plastic\plastic321.jpg,plastic321.jpg,plastic
C:\Users\PC\Garbage-Classification\data\raw\Garbage classification\Garbage classification\paper\paper255.jpg,paper255.jpg,paper
C:\Users\PC\Garbage-Classification\data\raw\Garbage classification\Garbage classification\metal\metal406.jpg,metal406.jpg,metal
C:\Users\PC\Garbage-Classification\data\raw\Garbage classification\Garbage classification\paper\paper8.jpg,paper8.jpg,paper
C:\Users\PC\Garbage-Classification\data\raw\Garbage classification\Garbage classification\cardboard\cardboard389.jpg,cardboard389.jpg,cardboard
C:\Users\PC\Garbage-Classification\data\raw\Garbage classification\Garbage classification\plastic\plastic235.jpg,plastic235.jpg,plastic
C:\Users\PC\Garbage-Classification\data\raw\Garbage classification\Garbage classification\cardboard\cardboard258.jpg,cardboard258.jpg,cardboard
C:\Users\PC\Garbage-Classification\data\raw\Garbage classification\Garbage classification\glass\glass13.jpg,glass13.jpg,glass
C:\Users\PC\Garbage-Classification\data\raw\Garbage classification\Garbage classification\paper\paper513.jpg,paper513.jpg,paper
C:\Users\PC\Garbage-Classification\data\raw\Garbage classification\Garbage classification\paper\paper194.jpg,paper194.jpg,paper
C:\Users\PC\Garbage-Classification\data\raw\Garbage classification\Garbage classification\cardboard\cardboard62.jpg,cardboard62.jpg,cardboard
C:\Users\PC\Garbage-Classification\data\raw\Garbage classification\Garbage classification\paper\paper428.jpg,paper428.jpg,paper
C:\Users\PC\Garbage-Classification\data\raw\Garbage classification\Garbage classification\metal\metal355.jpg,metal355.jpg,metal
C:\Users\PC\Garbage-Classification\data\raw\Garbage classification\Garbage classification\glass\glass310.jpg,glass310.jpg,glass
C:\Users\PC\Garbage-Classification\data\raw\Garbage classification\Garbage classification\metal\metal12.jpg,metal12.jpg,metal
C:\Users\PC\Garbage-Classification\data\raw\Garbage classification\Garbage classification\cardboard\cardboard369.jpg,cardboard369.jpg,cardboard
C:\Users\PC\Garbage-Classification\data\raw\Garbage classification\Garbage classification\metal\metal81.jpg,metal81.jpg,metal
C:\Users\PC\Garbage-Classification\data\raw\Garbage classification\Garbage classification\paper\paper258.jpg,paper258.jpg,paper
C:\Users\PC\Garbage-Classification\data\raw\Garbage classification\Garbage classification\glass\glass213.jpg,glass213.jpg,glass
C:\Users\PC\Garbage-Classification\data\raw\Garbage classification\Garbage classification\paper\paper543.jpg,paper543.jpg,paper
C:\Users\PC\Garbage-Classification\data\raw\Garbage classification\Garbage classification\plastic\plastic217.jpg,plastic217.jpg,plastic
C:\Users\PC\Garbage-Classification\data\raw\Garbage classification\Garbage classification\metal\metal27.jpg,metal27.jpg,metal
C:\Users\PC\Garbage-Classification\data\raw\Garbage classification\Garbage classification\cardboard\cardboard30.jpg,cardboard30.jpg,cardboard
C:\Users\PC\Garbage-Classification\data\raw\Garbage classification\Garbage classification\plastic\plastic41.jpg,plastic41.jpg,plastic
C:\Users\PC\Garbage-Classification\data\raw\Garbage classification\Garbage classification\paper\paper391.jpg,paper391.jpg,paper
C:\Users\PC\Garbage-Classification\data\raw\Garbage classification\Garbage classification\glass\glass457.jpg,glass457.jpg,glass
C:\Users\PC\Garbage-Classification\data\raw\Garbage classification\Garbage classification\paper\paper17.jpg,paper17.jpg,paper
C:\Users\PC\Garbage-Classification\data\raw\Garbage classification\Garbage classification\glass\glass367.jpg,glass367.jpg,glass
C:\Users\PC\Garbage-Classification\data\raw\Garbage classification\Garbage classification\plastic\plastic430.jpg,plastic430.jpg,plastic
C:\Users\PC\Garbage-Classification\data\raw\Garbage classification\Garbage classification\paper\paper379.jpg,paper379.jpg,paper
C:\Users\PC\Garbage-Classification\data\raw\Garbage classification\Garbage classification\trash\trash83.jpg,trash83.jpg,trash
C:\Users\PC\Garbage-Classification\data\raw\Garbage classification\Garbage classification\metal\metal363.jpg,metal363.jpg,metal
C:\Users\PC\Garbage-Classification\data\raw\Garbage classification\Garbage classification\cardboard\cardboard68.jpg,cardboard68.jpg,cardboard
C:\Users\PC\Garbage-Classification\data\raw\Garbage classification\Garbage classification\cardboard\cardboard155.jpg,cardboard155.jpg,cardboard
C:\Users\PC\Garbage-Classification\data\raw\Garbage classification\Garbage classification\glass\glass70.jpg,glass70.jpg,glass
C:\Users\PC\Garbage-Classification\data\raw\Garbage classification\Garbage classification\plastic\plastic91.jpg,plastic91.jpg,plastic
C:\Users\PC\Garbage-Classification\data\raw\Garbage classification\Garbage classification\trash\trash27.jpg,trash27.jpg,trash
C:\Users\PC\Garbage-Classification\data\raw\Garbage classification\Garbage classification\metal\metal71.jpg,metal71.jpg,metal
C:\Users\PC\Garbage-Classification\data\raw\Garbage classification\Garbage classification\paper\paper192.jpg,paper192.jpg,paper
C:\Users\PC\Garbage-Classification\data\raw\Garbage classification\Garbage classification\paper\paper90.jpg,paper90.jpg,paper
C:\Users\PC\Garbage-Classification\data\raw\Garbage classification\Garbage classification\metal\metal191.jpg,metal191.jpg,metal
C:\Users\PC\Garbage-Classification\data\raw\Garbage classification\Garbage classification\trash\trash4.jpg,trash4.jpg,trash
C:\Users\PC\Garbage-Classification\data\raw\Garbage classification\Garbage classification\plastic\plastic428.jpg,plastic428.jpg,plastic
C:\Users\PC\Garbage-Classification\data\raw\Garbage classification\Garbage classification\paper\paper424.jpg,paper424.jpg,paper
C:\Users\PC\Garbage-Classification\data\raw\Garbage classification\Garbage classification\paper\paper30.jpg,paper30.jpg,paper
C:\Users\PC\Garbage-Classification\data\raw\Garbage classification\Garbage classification\cardboard\cardboard350.jpg,cardboard350.jpg,cardboard
C:\Users\PC\Garbage-Classification\data\raw\Garbage classification\Garbage classification\paper\paper589.jpg,paper589.jpg,paper
C:\Users\PC\Garbage-Classification\data\raw\Garbage classification\Garbage classification\metal\metal271.jpg,metal271.jpg,metal
C:\Users\PC\Garbage-Classification\data\raw\Garbage classification\Garbage classification\plastic\plastic141.jpg,plastic141.jpg,plastic
C:\Users\PC\Garbage-Classification\data\raw\Garbage classification\Garbage classification\paper\paper157.jpg,paper157.jpg,paper
C:\Users\PC\Garbage-Classification\data\raw\Garbage classification\Garbage classification\plastic\plastic466.jpg,plastic466.jpg,plastic
C:\Users\PC\Garbage-Classification\data\raw\Garbage classification\Garbage classification\plastic\plastic80.jpg,plastic80.jpg,plastic
C:\Users\PC\Garbage-Classification\data\raw\Garbage classification\Garbage classification\metal\metal197.jpg,metal197.jpg,metal
C:\Users\PC\Garbage-Classification\data\raw\Garbage classification\Garbage classification\plastic\plastic69.jpg,plastic69.jpg,plastic
C:\Users\PC\Garbage-Classification\data\raw\Garbage classification\Garbage classification\paper\paper481.jpg,paper481.jpg,paper
C:\Users\PC\Garbage-Classification\data\raw\Garbage classification\Garbage classification\plastic\plastic422.jpg,plastic422.jpg,plastic
C:\Users\PC\Garbage-Classification\data\raw\Garbage classification\Garbage classification\cardboard\cardboard272.jpg,cardboard272.jpg,cardboard
C:\Users\PC\Garbage-Classification\data\raw\Garbage classification\Garbage classification\glass\glass372.jpg,glass372.jpg,glass
C:\Users\PC\Garbage-Classification\data\raw\Garbage classification\Garbage classification\paper\paper105.jpg,paper105.jpg,paper
C:\Users\PC\Garbage-Classification\data\raw\Garbage classification\Garbage classification\paper\paper2.jpg,paper2.jpg,paper
C:\Users\PC\Garbage-Classification\data\raw\Garbage classification\Garbage classification\plastic\plastic388.jpg,plastic388.jpg,plastic
C:\Users\PC\Garbage-Classification\data\raw\Garbage classification\Garbage classification\paper\paper59.jpg,paper59.jpg,paper
C:\Users\PC\Garbage-Classification\data\raw\Garbage classification\Garbage classification\paper\paper352.jpg,paper352.jpg,paper
C:\Users\PC\Garbage-Classification\data\raw\Garbage classification\Garbage classification\trash\trash97.jpg,trash97.jpg,trash
C:\Users\PC\Garbage-Classification\data\raw\Garbage classification\Garbage classification\metal\metal91.jpg,metal91.jpg,metal
C:\Users\PC\Garbage-Classification\data\raw\Garbage classification\Garbage classification\metal\metal213.jpg,metal213.jpg,metal
C:\Users\PC\Garbage-Classification\data\raw\Garbage classification\Garbage classification\cardboard\cardboard352.jpg,cardboard352.jpg,cardboard
C:\Users\PC\Garbage-Classification\data\raw\Garbage classification\Garbage classification\plastic\plastic161.jpg,plastic161.jpg,plastic
C:\Users\PC\Garbage-Classification\data\raw\Garbage classification\Garbage classification\plastic\plastic382.jpg,plastic382.jpg,plastic
C:\Users\PC\Garbage-Classification\data\raw\Garbage classification\Garbage classification\paper\paper247.jpg,paper247.jpg,paper
C:\Users\PC\Garbage-Classification\data\raw\Garbage classification\Garbage classification\cardboard\cardboard380.jpg,cardboard380.jpg,cardboard
C:\Users\PC\Garbage-Classification\data\raw\Garbage classification\Garbage classification\plastic\plastic393.jpg,plastic393.jpg,plastic
C:\Users\PC\Garbage-Classification\data\raw\Garbage classification\Garbage classification\paper\paper43.jpg,paper43.jpg,paper
C:\Users\PC\Garbage-Classification\data\raw\Garbage classification\Garbage classification\cardboard\cardboard231.jpg,cardboard231.jpg,cardboard
C:\Users\PC\Garbage-Classification\data\raw\Garbage classification\Garbage classification\plastic\plastic470.jpg,plastic470.jpg,plastic
C:\Users\PC\Garbage-Classification\data\raw\Garbage classification\Garbage classification\paper\paper128.jpg,paper128.jpg,paper
C:\Users\PC\Garbage-Classification\data\raw\Garbage classification\Garbage classification\paper\paper219.jpg,paper219.jpg,paper
C:\Users\PC\Garbage-Classification\data\raw\Garbage classification\Garbage classification\plastic\plastic412.jpg,plastic412.jpg,plastic
C:\Users\PC\Garbage-Classification\data\raw\Garbage classification\Garbage classification\metal\metal377.jpg,metal377.jpg,metal
C:\Users\PC\Garbage-Classification\data\raw\Garbage classification\Garbage classification\metal\metal253.jpg,metal253.jpg,metal
C:\Users\PC\Garbage-Classification\data\raw\Garbage classification\Garbage classification\paper\paper470.jpg,paper470.jpg,paper
C:\Users\PC\Garbage-Classification\data\raw\Garbage classification\Garbage classification\metal\metal152.jpg,metal152.jpg,metal
C:\Users\PC\Garbage-Classification\data\raw\Garbage classification\Garbage classification\cardboard\cardboard88.jpg,cardboard88.jpg,cardboard
C:\Users\PC\Garbage-Classification\data\raw\Garbage classification\Garbage classification\metal\metal144.jpg,metal144.jpg,metal
C:\Users\PC\Garbage-Classification\data\raw\Garbage classification\Garbage classification\glass\glass315.jpg,glass315.jpg,glass
C:\Users\PC\Garbage-Classification\data\raw\Garbage classification\Garbage classification\metal\metal124.jpg,metal124.jpg,metal
C:\Users\PC\Garbage-Classification\data\raw\Garbage classification\Garbage classification\paper\paper103.jpg,paper103.jpg,paper
C:\Users\PC\Garbage-Classification\data\raw\Garbage classification\Garbage classification\glass\glass234.jpg,glass234.jpg,glass
C:\Users\PC\Garbage-Classification\data\raw\Garbage classification\Garbage classification\metal\metal15.jpg,metal15.jpg,metal
C:\Users\PC\Garbage-Classification\data\raw\Garbage classification\Garbage classification\plastic\plastic187.jpg,plastic187.jpg,plastic
C:\Users\PC\Garbage-Classification\data\raw\Garbage classification\Garbage classification\plastic\plastic292.jpg,plastic292.jpg,plastic
C:\Users\PC\Garbage-Classification\data\raw\Garbage classification\Garbage classification\metal\metal28.jpg,metal28.jpg,metal
C:\Users\PC\Garbage-Classification\data\raw\Garbage classification\Garbage classification\metal\metal85.jpg,metal85.jpg,metal
C:\Users\PC\Garbage-Classification\data\raw\Garbage classification\Garbage classification\paper\paper451.jpg,paper451.jpg,paper
C:\Users\PC\Garbage-Classification\data\raw\Garbage classification\Garbage classification\plastic\plastic77.jpg,plastic77.jpg,plastic
C:\Users\PC\Garbage-Classification\data\raw\Garbage classification\Garbage classification\paper\paper313.jpg,paper313.jpg,paper
C:\Users\PC\Garbage-Classification\data\raw\Garbage classification\Garbage classification\glass\glass77.jpg,glass77.jpg,glass
C:\Users\PC\Garbage-Classification\data\raw\Garbage classification\Garbage classification\glass\glass435.jpg,glass435.jpg,glass
C:\Users\PC\Garbage-Classification\data\raw\Garbage classification\Garbage classification\paper\paper541.jpg,paper541.jpg,paper
C:\Users\PC\Garbage-Classification\data\raw\Garbage classification\Garbage classification\cardboard\cardboard317.jpg,cardboard317.jpg,cardboard
C:\Users\PC\Garbage-Classification\data\raw\Garbage classification\Garbage classification\paper\paper4.jpg,paper4.jpg,paper
C:\Users\PC\Garbage-Classification\data\raw\Garbage classification\Garbage classification\glass\glass27.jpg,glass27.jpg,glass
C:\Users\PC\Garbage-Classification\data\raw\Garbage classification\Garbage classification\paper\paper559.jpg,paper559.jpg,paper
C:\Users\PC\Garbage-Classification\data\raw\Garbage classification\Garbage classification\glass\glass54.jpg,glass54.jpg,glass
C:\Users\PC\Garbage-Classification\data\raw\Garbage classification\Garbage classification\trash\trash72.jpg,trash72.jpg,trash
C:\Users\PC\Garbage-Classification\data\raw\Garbage classification\Garbage classification\paper\paper594.jpg,paper594.jpg,paper
C:\Users\PC\Garbage-Classification\data\raw\Garbage classification\Garbage classification\glass\glass453.jpg,glass453.jpg,glass
C:\Users\PC\Garbage-Classification\data\raw\Garbage classification\Garbage classification\glass\glass275.jpg,glass275.jpg,glass
C:\Users\PC\Garbage-Classification\data\raw\Garbage classification\Garbage classification\paper\paper463.jpg,paper463.jpg,paper
C:\Users\PC\Garbage-Classification\data\raw\Garbage classification\Garbage classification\paper\paper565.jpg,paper565.jpg,paper
C:\Users\PC\Garbage-Classification\data\raw\Garbage classification\Garbage classification\metal\metal51.jpg,metal51.jpg,metal
C:\Users\PC\Garbage-Classification\data\raw\Garbage classification\Garbage classification\paper\paper265.jpg,paper265.jpg,paper
C:\Users\PC\Garbage-Classification\data\raw\Garbage classification\Garbage classification\paper\paper516.jpg,paper516.jpg,paper
C:\Users\PC\Garbage-Classification\data\raw\Garbage classification\Garbage classification\metal\metal396.jpg,metal396.jpg,metal
C:\Users\PC\Garbage-Classification\data\raw\Garbage classification\Garbage classification\metal\metal137.jpg,metal137.jpg,metal
C:\Users\PC\Garbage-Classification\data\raw\Garbage classification\Garbage classification\plastic\plastic288.jpg,plastic288.jpg,plastic
C:\Users\PC\Garbage-Classification\data\raw\Garbage classification\Garbage classification\glass\glass22.jpg,glass22.jpg,glass
C:\Users\PC\Garbage-Classification\data\raw\Garbage classification\Garbage classification\metal\metal64.jpg,metal64.jpg,metal
C:\Users\PC\Garbage-Classification\data\raw\Garbage classification\Garbage classification\paper\paper229.jpg,paper229.jpg,paper
C:\Users\PC\Garbage-Classification\data\raw\Garbage classification\Garbage classification\trash\trash98.jpg,trash98.jpg,trash
C:\Users\PC\Garbage-Classification\data\raw\Garbage classification\Garbage classification\cardboard\cardboard240.jpg,cardboard240.jpg,cardboard
C:\Users\PC\Garbage-Classification\data\raw\Garbage classification\Garbage classification\trash\trash48.jpg,trash48.jpg,trash
C:\Users\PC\Garbage-Classification\data\raw\Garbage classification\Garbage classification\paper\paper536.jpg,paper536.jpg,paper
C:\Users\PC\Garbage-Classification\data\raw\Garbage classification\Garbage classification\plastic\plastic359.jpg,plastic359.jpg,plastic
C:\Users\PC\Garbage-Classification\data\raw\Garbage classification\Garbage classification\glass\glass416.jpg,glass416.jpg,glass
C:\Users\PC\Garbage-Classification\data\raw\Garbage classification\Garbage classification\plastic\plastic407.jpg,plastic407.jpg,plastic
C:\Users\PC\Garbage-Classification\data\raw\Garbage classification\Garbage classification\plastic\plastic378.jpg,plastic378.jpg,plastic
C:\Users\PC\Garbage-Classification\data\raw\Garbage classification\Garbage classification\paper\paper212.jpg,paper212.jpg,paper
C:\Users\PC\Garbage-Classification\data\raw\Garbage classification\Garbage classification\plastic\plastic253.jpg,plastic253.jpg,plastic
C:\Users\PC\Garbage-Classification\data\raw\Garbage classification\Garbage classification\plastic\plastic192.jpg,plastic192.jpg,plastic
C:\Users\PC\Garbage-Classification\data\raw\Garbage classification\Garbage classification\metal\metal87.jpg,metal87.jpg,metal
C:\Users\PC\Garbage-Classification\data\raw\Garbage classification\Garbage classification\metal\metal172.jpg,metal172.jpg,metal
C:\Users\PC\Garbage-Classification\data\raw\Garbage classification\Garbage classification\paper\paper526.jpg,paper526.jpg,paper
C:\Users\PC\Garbage-Classification\data\raw\Garbage classification\Garbage classification\plastic\plastic150.jpg,plastic150.jpg,plastic
C:\Users\PC\Garbage-Classification\data\raw\Garbage classification\Garbage classification\plastic\plastic424.jpg,plastic424.jpg,plastic
C:\Users\PC\Garbage-Classification\data\raw\Garbage classification\Garbage classification\trash\trash1.jpg,trash1.jpg,trash
C:\Users\PC\Garbage-Classification\data\raw\Garbage classification\Garbage classification\plastic\plastic25.jpg,plastic25.jpg,plastic
C:\Users\PC\Garbage-Classification\data\raw\Garbage classification\Garbage classification\glass\glass15.jpg,glass15.jpg,glass
C:\Users\PC\Garbage-Classification\data\raw\Garbage classification\Garbage classification\plastic\plastic417.jpg,plastic417.jpg,plastic
C:\Users\PC\Garbage-Classification\data\raw\Garbage classification\Garbage classification\cardboard\cardboard304.jpg,cardboard304.jpg,cardboard
C:\Users\PC\Garbage-Classification\data\raw\Garbage classification\Garbage classification\paper\paper310.jpg,paper310.jpg,paper
C:\Users\PC\Garbage-Classification\data\raw\Garbage classification\Garbage classification\paper\paper483.jpg,paper483.jpg,paper
C:\Users\PC\Garbage-Classification\data\raw\Garbage classification\Garbage classification\cardboard\cardboard56.jpg,cardboard56.jpg,cardboard
C:\Users\PC\Garbage-Classification\data\raw\Garbage classification\Garbage classification\metal\metal157.jpg,metal157.jpg,metal
C:\Users\PC\Garbage-Classification\data\raw\Garbage classification\Garbage classification\plastic\plastic237.jpg,plastic237.jpg,plastic
C:\Users\PC\Garbage-Classification\data\raw\Garbage classification\Garbage classification\plastic\plastic481.jpg,plastic481.jpg,plastic
C:\Users\PC\Garbage-Classification\data\raw\Garbage classification\Garbage classification\plastic\plastic426.jpg,plastic426.jpg,plastic
C:\Users\PC\Garbage-Classification\data\raw\Garbage classification\Garbage classification\plastic\plastic410.jpg,plastic410.jpg,plastic
C:\Users\PC\Garbage-Classification\data\raw\Garbage classification\Garbage classification\cardboard\cardboard343.jpg,cardboard343.jpg,cardboard
C:\Users\PC\Garbage-Classification\data\raw\Garbage classification\Garbage classification\metal\metal373.jpg,metal373.jpg,metal
C:\Users\PC\Garbage-Classification\data\raw\Garbage classification\Garbage classification\glass\glass24.jpg,glass24.jpg,glass
C:\Users\PC\Garbage-Classification\data\raw\Garbage classification\Garbage classification\metal\metal280.jpg,metal280.jpg,metal
C:\Users\PC\Garbage-Classification\data\raw\Garbage classification\Garbage classification\paper\paper567.jpg,paper567.jpg,paper
C:\Users\PC\Garbage-Classification\data\raw\Garbage classification\Garbage classification\plastic\plastic277.jpg,plastic277.jpg,plastic
C:\Users\PC\Garbage-Classification\data\raw\Garbage classification\Garbage classification\paper\paper381.jpg,paper381.jpg,paper
C:\Users\PC\Garbage-Classification\data\raw\Garbage classification\Garbage classification\glass\glass125.jpg,glass125.jpg,glass
C:\Users\PC\Garbage-Classification\data\raw\Garbage classification\Garbage classification\cardboard\cardboard44.jpg,cardboard44.jpg,cardboard
C:\Users\PC\Garbage-Classification\data\raw\Garbage classification\Garbage classification\metal\metal120.jpg,metal120.jpg,metal
C:\Users\PC\Garbage-Classification\data\raw\Garbage classification\Garbage classification\glass\glass462.jpg,glass462.jpg,glass
C:\Users\PC\Garbage-Classification\data\raw\Garbage classification\Garbage classification\paper\paper280.jpg,paper280.jpg,paper
C:\Users\PC\Garbage-Classification\data\raw\Garbage classification\Garbage classification\cardboard\cardboard283.jpg,cardboard283.jpg,cardboard
C:\Users\PC\Garbage-Classification\data\raw\Garbage classification\Garbage classification\paper\paper523.jpg,paper523.jpg,paper
C:\Users\PC\Garbage-Classification\data\raw\Garbage classification\Garbage classification\glass\glass389.jpg,glass389.jpg,glass
C:\Users\PC\Garbage-Classification\data\raw\Garbage classification\Garbage classification\glass\glass423.jpg,glass423.jpg,glass
C:\Users\PC\Garbage-Classification\data\raw\Garbage classification\Garbage classification\metal\metal198.jpg,metal198.jpg,metal
C:\Users\PC\Garbage-Classification\data\raw\Garbage classification\Garbage classification\glass\glass369.jpg,glass369.jpg,glass
C:\Users\PC\Garbage-Classification\data\raw\Garbage classification\Garbage classification\glass\glass63.jpg,glass63.jpg,glass
C:\Users\PC\Garbage-Classification\data\raw\Garbage classification\Garbage classification\glass\glass75.jpg,glass75.jpg,glass
C:\Users\PC\Garbage-Classification\data\raw\Garbage classification\Garbage classification\paper\paper439.jpg,paper439.jpg,paper
C:\Users\PC\Garbage-Classification\data\raw\Garbage classification\Garbage classification\plastic\plastic381.jpg,plastic381.jpg,plastic
C:\Users\PC\Garbage-Classification\data\raw\Garbage classification\Garbage classification\glass\glass168.jpg,glass168.jpg,glass
C:\Users\PC\Garbage-Classification\data\raw\Garbage classification\Garbage classification\paper\paper492.jpg,paper492.jpg,paper
C:\Users\PC\Garbage-Classification\data\raw\Garbage classification\Garbage classification\plastic\plastic103.jpg,plastic103.jpg,plastic
C:\Users\PC\Garbage-Classification\data\raw\Garbage classification\Garbage classification\paper\paper228.jpg,paper228.jpg,paper
C:\Users\PC\Garbage-Classification\data\raw\Garbage classification\Garbage classification\glass\glass93.jpg,glass93.jpg,glass
C:\Users\PC\Garbage-Classification\data\raw\Garbage classification\Garbage classification\paper\paper484.jpg,paper484.jpg,paper
C:\Users\PC\Garbage-Classification\data\raw\Garbage classification\Garbage classification\metal\metal145.jpg,metal145.jpg,metal
C:\Users\PC\Garbage-Classification\data\raw\Garbage classification\Garbage classification\metal\metal100.jpg,metal100.jpg,metal
C:\Users\PC\Garbage-Classification\data\raw\Garbage classification\Garbage classification\cardboard\cardboard54.jpg,cardboard54.jpg,cardboard
C:\Users\PC\Garbage-Classification\data\raw\Garbage classification\Garbage classification\glass\glass285.jpg,glass285.jpg,glass
C:\Users\PC\Garbage-Classification\data\raw\Garbage classification\Garbage classification\glass\glass393.jpg,glass393.jpg,glass
C:\Users\PC\Garbage-Classification\data\raw\Garbage classification\Garbage classification\paper\paper29.jpg,paper29.jpg,paper
C:\Users\PC\Garbage-Classification\data\raw\Garbage classification\Garbage classification\plastic\plastic87.jpg,plastic87.jpg,plastic
C:\Users\PC\Garbage-Classification\data\raw\Garbage classification\Garbage classification\glass\glass322.jpg,glass322.jpg,glass
C:\Users\PC\Garbage-Classification\data\raw\Garbage classification\Garbage classification\glass\glass107.jpg,glass107.jpg,glass
C:\Users\PC\Garbage-Classification\data\raw\Garbage classification\Garbage classification\glass\glass383.jpg,glass383.jpg,glass
C:\Users\PC\Garbage-Classification\data\raw\Garbage classification\Garbage classification\glass\glass325.jpg,glass325.jpg,glass
C:\Users\PC\Garbage-Classification\data\raw\Garbage classification\Garbage classification\plastic\plastic464.jpg,plastic464.jpg,plastic
C:\Users\PC\Garbage-Classification\data\raw\Garbage classification\Garbage classification\cardboard\cardboard66.jpg,cardboard66.jpg,cardboard
C:\Users\PC\Garbage-Classification\data\raw\Garbage classification\Garbage classification\paper\paper170.jpg,paper170.jpg,paper
C:\Users\PC\Garbage-Classification\data\raw\Garbage classification\Garbage classification\paper\paper65.jpg,paper65.jpg,paper
C:\Users\PC\Garbage-Classification\data\raw\Garbage classification\Garbage classification\plastic\plastic278.jpg,plastic278.jpg,plastic
C:\Users\PC\Garbage-Classification\data\raw\Garbage classification\Garbage classification\cardboard\cardboard94.jpg,cardboard94.jpg,cardboard
C:\Users\PC\Garbage-Classification\data\raw\Garbage classification\Garbage classification\plastic\plastic317.jpg,plastic317.jpg,plastic
C:\Users\PC\Garbage-Classification\data\raw\Garbage classification\Garbage classification\paper\paper415.jpg,paper415.jpg,paper
C:\Users\PC\Garbage-Classification\data\raw\Garbage classification\Garbage classification\metal\metal400.jpg,metal400.jpg,metal
C:\Users\PC\Garbage-Classification\data\raw\Garbage classification\Garbage classification\cardboard\cardboard400.jpg,cardboard400.jpg,cardboard
C:\Users\PC\Garbage-Classification\data\raw\Garbage classification\Garbage classification\cardboard\cardboard131.jpg,cardboard131.jpg,cardboard
C:\Users\PC\Garbage-Classification\data\raw\Garbage classification\Garbage classification\paper\paper246.jpg,paper246.jpg,paper
C:\Users\PC\Garbage-Classification\data\raw\Garbage classification\Garbage classification\paper\paper486.jpg,paper486.jpg,paper
C:\Users\PC\Garbage-Classification\data\raw\Garbage classification\Garbage classification\paper\paper454.jpg,paper454.jpg,paper
C:\Users\PC\Garbage-Classification\data\raw\Garbage classification\Garbage classification\paper\paper525.jpg,paper525.jpg,paper
C:\Users\PC\Garbage-Classification\data\raw\Garbage classification\Garbage classification\glass\glass215.jpg,glass215.jpg,glass
C:\Users\PC\Garbage-Classification\data\raw\Garbage classification\Garbage classification\plastic\plastic408.jpg,plastic408.jpg,plastic
C:\Users\PC\Garbage-Classification\data\raw\Garbage classification\Garbage classification\cardboard\cardboard396.jpg,cardboard396.jpg,cardboard
C:\Users\PC\Garbage-Classification\data\raw\Garbage classification\Garbage classification\plastic\plastic13.jpg,plastic13.jpg,plastic
C:\Users\PC\Garbage-Classification\data\raw\Garbage classification\Garbage classification\plastic\plastic83.jpg,plastic83.jpg,plastic
C:\Users\PC\Garbage-Classification\data\raw\Garbage classification\Garbage classification\cardboard\cardboard205.jpg,cardboard205.jpg,cardboard
C:\Users\PC\Garbage-Classification\data\raw\Garbage classification\Garbage classification\glass\glass329.jpg,glass329.jpg,glass
C:\Users\PC\Garbage-Classification\data\raw\Garbage classification\Garbage classification\metal\metal169.jpg,metal169.jpg,metal
C:\Users\PC\Garbage-Classification\data\raw\Garbage classification\Garbage classification\paper\paper146.jpg,paper146.jpg,paper
C:\Users\PC\Garbage-Classification\data\raw\Garbage classification\Garbage classification\metal\metal209.jpg,metal209.jpg,metal
C:\Users\PC\Garbage-Classification\data\raw\Garbage classification\Garbage classification\cardboard\cardboard50.jpg,cardboard50.jpg,cardboard
C:\Users\PC\Garbage-Classification\data\raw\Garbage classification\Garbage classification\paper\paper560.jpg,paper560.jpg,paper
C:\Users\PC\Garbage-Classification\data\raw\Garbage classification\Garbage classification\trash\trash37.jpg,trash37.jpg,trash
C:\Users\PC\Garbage-Classification\data\raw\Garbage classification\Garbage classification\glass\glass158.jpg,glass158.jpg,glass
C:\Users\PC\Garbage-Classification\data\raw\Garbage classification\Garbage classification\paper\paper54.jpg,paper54.jpg,paper
C:\Users\PC\Garbage-Classification\data\raw\Garbage classification\Garbage classification\trash\trash110.jpg,trash110.jpg,trash
C:\Users\PC\Garbage-Classification\data\raw\Garbage classification\Garbage classification\plastic\plastic275.jpg,plastic275.jpg,plastic
C:\Users\PC\Garbage-Classification\data\raw\Garbage classification\Garbage classification\metal\metal41.jpg,metal41.jpg,metal
C:\Users\PC\Garbage-Classification\data\raw\Garbage classification\Garbage classification\glass\glass437.jpg,glass437.jpg,glass
C:\Users\PC\Garbage-Classification\data\raw\Garbage classification\Garbage classification\cardboard\cardboard112.jpg,cardboard112.jpg,cardboard
C:\Users\PC\Garbage-Classification\data\raw\Garbage classification\Garbage classification\glass\glass60.jpg,glass60.jpg,glass
C:\Users\PC\Garbage-Classification\data\raw\Garbage classification\Garbage classification\trash\trash99.jpg,trash99.jpg,trash
C:\Users\PC\Garbage-Classification\data\raw\Garbage classification\Garbage classification\paper\paper312.jpg,paper312.jpg,paper
C:\Users\PC\Garbage-Classification\data\raw\Garbage classification\Garbage classification\plastic\plastic405.jpg,plastic405.jpg,plastic
C:\Users\PC\Garbage-Classification\data\raw\Garbage classification\Garbage classification\glass\glass286.jpg,glass286.jpg,glass
C:\Users\PC\Garbage-Classification\data\raw\Garbage classification\Garbage classification\metal\metal82.jpg,metal82.jpg,metal
C:\Users\PC\Garbage-Classification\data\raw\Garbage classification\Garbage classification\paper\paper311.jpg,paper311.jpg,paper
C:\Users\PC\Garbage-Classification\data\raw\Garbage classification\Garbage classification\plastic\plastic419.jpg,plastic419.jpg,plastic
C:\Users\PC\Garbage-Classification\data\raw\Garbage classification\Garbage classification\cardboard\cardboard107.jpg,cardboard107.jpg,cardboard
C:\Users\PC\Garbage-Classification\data\raw\Garbage classification\Garbage classification\metal\metal208.jpg,metal208.jpg,metal
C:\Users\PC\Garbage-Classification\data\raw\Garbage classification\Garbage classification\paper\paper507.jpg,paper507.jpg,paper
C:\Users\PC\Garbage-Classification\data\raw\Garbage classification\Garbage classification\plastic\plastic326.jpg,plastic326.jpg,plastic
C:\Users\PC\Garbage-Classification\data\raw\Garbage classification\Garbage classification\glass\glass309.jpg,glass309.jpg,glass
C:\Users\PC\Garbage-Classification\data\raw\Garbage classification\Garbage classification\metal\metal177.jpg,metal177.jpg,metal
C:\Users\PC\Garbage-Classification\data\raw\Garbage classification\Garbage classification\cardboard\cardboard183.jpg,cardboard183.jpg,cardboard
C:\Users\PC\Garbage-Classification\data\raw\Garbage classification\Garbage classification\glass\glass363.jpg,glass363.jpg,glass
C:\Users\PC\Garbage-Classification\data\raw\Garbage classification\Garbage classification\glass\glass55.jpg,glass55.jpg,glass
C:\Users\PC\Garbage-Classification\data\raw\Garbage classification\Garbage classification\plastic\plastic239.jpg,plastic239.jpg,plastic
C:\Users\PC\Garbage-Classification\data\raw\Garbage classification\Garbage classification\plastic\plastic476.jpg,plastic476.jpg,plastic
C:\Users\PC\Garbage-Classification\data\raw\Garbage classification\Garbage classification\plastic\plastic188.jpg,plastic188.jpg,plastic
C:\Users\PC\Garbage-Classification\data\raw\Garbage classification\Garbage classification\plastic\plastic116.jpg,plastic116.jpg,plastic
C:\Users\PC\Garbage-Classification\data\raw\Garbage classification\Garbage classification\cardboard\cardboard262.jpg,cardboard262.jpg,cardboard
C:\Users\PC\Garbage-Classification\data\raw\Garbage classification\Garbage classification\plastic\plastic154.jpg,plastic154.jpg,plastic
C:\Users\PC\Garbage-Classification\data\raw\Garbage classification\Garbage classification\glass\glass174.jpg,glass174.jpg,glass
C:\Users\PC\Garbage-Classification\data\raw\Garbage classification\Garbage classification\cardboard\cardboard226.jpg,cardboard226.jpg,cardboard
C:\Users\PC\Garbage-Classification\data\raw\Garbage classification\Garbage classification\paper\paper218.jpg,paper218.jpg,paper
C:\Users\PC\Garbage-Classification\data\raw\Garbage classification\Garbage classification\glass\glass301.jpg,glass301.jpg,glass
C:\Users\PC\Garbage-Classification\data\raw\Garbage classification\Garbage classification\trash\trash52.jpg,trash52.jpg,trash
C:\Users\PC\Garbage-Classification\data\raw\Garbage classification\Garbage classification\metal\metal45.jpg,metal45.jpg,metal
C:\Users\PC\Garbage-Classification\data\raw\Garbage classification\Garbage classification\paper\paper397.jpg,paper397.jpg,paper
C:\Users\PC\Garbage-Classification\data\raw\Garbage classification\Garbage classification\metal\metal18.jpg,metal18.jpg,metal
C:\Users\PC\Garbage-Classification\data\raw\Garbage classification\Garbage classification\metal\metal370.jpg,metal370.jpg,metal
C:\Users\PC\Garbage-Classification\data\raw\Garbage classification\Garbage classification\glass\glass270.jpg,glass270.jpg,glass
C:\Users\PC\Garbage-Classification\data\raw\Garbage classification\Garbage classification\paper\paper568.jpg,paper568.jpg,paper
C:\Users\PC\Garbage-Classification\data\raw\Garbage classification\Garbage classification\paper\paper333.jpg,paper333.jpg,paper
C:\Users\PC\Garbage-Classification\data\raw\Garbage classification\Garbage classification\glass\glass279.jpg,glass279.jpg,glass
C:\Users\PC\Garbage-Classification\data\raw\Garbage classification\Garbage classification\glass\glass69.jpg,glass69.jpg,glass
C:\Users\PC\Garbage-Classification\data\raw\Garbage classification\Garbage classification\plastic\plastic86.jpg,plastic86.jpg,plastic
C:\Users\PC\Garbage-Classification\data\raw\Garbage classification\Garbage classification\glass\glass114.jpg,glass114.jpg,glass
C:\Users\PC\Garbage-Classification\data\raw\Garbage classification\Garbage classification\glass\glass17.jpg,glass17.jpg,glass
C:\Users\PC\Garbage-Classification\data\raw\Garbage classification\Garbage classification\glass\glass18.jpg,glass18.jpg,glass
C:\Users\PC\Garbage-Classification\data\raw\Garbage classification\Garbage classification\cardboard\cardboard398.jpg,cardboard398.jpg,cardboard
C:\Users\PC\Garbage-Classification\data\raw\Garbage classification\Garbage classification\cardboard\cardboard28.jpg,cardboard28.jpg,cardboard
C:\Users\PC\Garbage-Classification\data\raw\Garbage classification\Garbage classification\plastic\plastic374.jpg,plastic374.jpg,plastic
C:\Users\PC\Garbage-Classification\data\raw\Garbage classification\Garbage classification\metal\metal249.jpg,metal249.jpg,metal
C:\Users\PC\Garbage-Classification\data\raw\Garbage classification\Garbage classification\cardboard\cardboard282.jpg,cardboard282.jpg,cardboard
C:\Users\PC\Garbage-Classification\data\raw\Garbage classification\Garbage classification\plastic\plastic331.jpg,plastic331.jpg,plastic
C:\Users\PC\Garbage-Classification\data\raw\Garbage classification\Garbage classification\cardboard\cardboard221.jpg,cardboard221.jpg,cardboard
C:\Users\PC\Garbage-Classification\data\raw\Garbage classification\Garbage classification\plastic\plastic166.jpg,plastic166.jpg,plastic
C:\Users\PC\Garbage-Classification\data\raw\Garbage classification\Garbage classification\trash\trash137.jpg,trash137.jpg,trash
C:\Users\PC\Garbage-Classification\data\raw\Garbage classification\Garbage classification\plastic\plastic463.jpg,plastic463.jpg,plastic
C:\Users\PC\Garbage-Classification\data\raw\Garbage classification\Garbage classification\glass\glass316.jpg,glass316.jpg,glass
C:\Users\PC\Garbage-Classification\data\raw\Garbage classification\Garbage classification\plastic\plastic92.jpg,plastic92.jpg,plastic
C:\Users\PC\Garbage-Classification\data\raw\Garbage classification\Garbage classification\plastic\plastic322.jpg,plastic322.jpg,plastic
C:\Users\PC\Garbage-Classification\data\raw\Garbage classification\Garbage classification\metal\metal214.jpg,metal214.jpg,metal
C:\Users\PC\Garbage-Classification\data\raw\Garbage classification\Garbage classification\paper\paper107.jpg,paper107.jpg,paper
C:\Users\PC\Garbage-Classification\data\raw\Garbage classification\Garbage classification\paper\paper273.jpg,paper273.jpg,paper
C:\Users\PC\Garbage-Classification\data\raw\Garbage classification\Garbage classification\glass\glass334.jpg,glass334.jpg,glass
C:\Users\PC\Garbage-Classification\data\raw\Garbage classification\Garbage classification\plastic\plastic353.jpg,plastic353.jpg,plastic
C:\Users\PC\Garbage-Classification\data\raw\Garbage classification\Garbage classification\paper\paper276.jpg,paper276.jpg,paper
C:\Users\PC\Garbage-Classification\data\raw\Garbage classification\Garbage classification\metal\metal238.jpg,metal238.jpg,metal
C:\Users\PC\Garbage-Classification\data\raw\Garbage classification\Garbage classification\plastic\plastic269.jpg,plastic269.jpg,plastic
C:\Users\PC\Garbage-Classification\data\raw\Garbage classification\Garbage classification\metal\metal357.jpg,metal357.jpg,metal
C:\Users\PC\Garbage-Classification\data\raw\Garbage classification\Garbage classification\metal\metal39.jpg,metal39.jpg,metal
C:\Users\PC\Garbage-Classification\data\raw\Garbage classification\Garbage classification\plastic\plastic178.jpg,plastic178.jpg,plastic
C:\Users\PC\Garbage-Classification\data\raw\Garbage classification\Garbage classification\paper\paper154.jpg,paper154.jpg,paper
C:\Users\PC\Garbage-Classification\data\raw\Garbage classification\Garbage classification\glass\glass486.jpg,glass486.jpg,glass
C:\Users\PC\Garbage-Classification\data\raw\Garbage classification\Garbage classification\cardboard\cardboard353.jpg,cardboard353.jpg,cardboard
C:\Users\PC\Garbage-Classification\data\raw\Garbage classification\Garbage classification\paper\paper317.jpg,paper317.jpg,paper
C:\Users\PC\Garbage-Classification\data\raw\Garbage classification\Garbage classification\metal\metal256.jpg,metal256.jpg,metal
C:\Users\PC\Garbage-Classification\data\raw\Garbage classification\Garbage classification\plastic\plastic88.jpg,plastic88.jpg,plastic
C:\Users\PC\Garbage-Classification\data\raw\Garbage classification\Garbage classification\cardboard\cardboard267.jpg,cardboard267.jpg,cardboard
C:\Users\PC\Garbage-Classification\data\raw\Garbage classification\Garbage classification\paper\paper487.jpg,paper487.jpg,paper
C:\Users\PC\Garbage-Classification\data\raw\Garbage classification\Garbage classification\paper\paper371.jpg,paper371.jpg,paper
C:\Users\PC\Garbage-Classification\data\raw\Garbage classification\Garbage classification\cardboard\cardboard180.jpg,cardboard180.jpg,cardboard
C:\Users\PC\Garbage-Classification\data\raw\Garbage classification\Garbage classification\plastic\plastic51.jpg,plastic51.jpg,plastic
C:\Users\PC\Garbage-Classification\data\raw\Garbage classification\Garbage classification\cardboard\cardboard98.jpg,cardboard98.jpg,cardboard
C:\Users\PC\Garbage-Classification\data\raw\Garbage classification\Garbage classification\plastic\plastic449.jpg,plastic449.jpg,plastic
C:\Users\PC\Garbage-Classification\data\raw\Garbage classification\Garbage classification\cardboard\cardboard138.jpg,cardboard138.jpg,cardboard
C:\Users\PC\Garbage-Classification\data\raw\Garbage classification\Garbage classification\plastic\plastic197.jpg,plastic197.jpg,plastic
C:\Users\PC\Garbage-Classification\data\raw\Garbage classification\Garbage classification\plastic\plastic458.jpg,plastic458.jpg,plastic
C:\Users\PC\Garbage-Classification\data\raw\Garbage classification\Garbage classification\cardboard\cardboard361.jpg,cardboard361.jpg,cardboard
C:\Users\PC\Garbage-Classification\data\raw\Garbage classification\Garbage classification\metal\metal32.jpg,metal32.jpg,metal
C:\Users\PC\Garbage-Classification\data\raw\Garbage classification\Garbage classification\metal\metal97.jpg,metal97.jpg,metal
C:\Users\PC\Garbage-Classification\data\raw\Garbage classification\Garbage classification\paper\paper348.jpg,paper348.jpg,paper
C:\Users\PC\Garbage-Classification\data\raw\Garbage classification\Garbage classification\plastic\plastic396.jpg,plastic396.jpg,plastic
C:\Users\PC\Garbage-Classification\data\raw\Garbage classification\Garbage classification\paper\paper64.jpg,paper64.jpg,paper
C:\Users\PC\Garbage-Classification\data\raw\Garbage classification\Garbage classification\metal\metal30.jpg,metal30.jpg,metal
C:\Users\PC\Garbage-Classification\data\raw\Garbage classification\Garbage classification\metal\metal272.jpg,metal272.jpg,metal
C:\Users\PC\Garbage-Classification\data\raw\Garbage classification\Garbage classification\glass\glass51.jpg,glass51.jpg,glass
C:\Users\PC\Garbage-Classification\data\raw\Garbage classification\Garbage classification\paper\paper199.jpg,paper199.jpg,paper
C:\Users\PC\Garbage-Classification\data\raw\Garbage classification\Garbage classification\paper\paper321.jpg,paper321.jpg,paper
C:\Users\PC\Garbage-Classification\data\raw\Garbage classification\Garbage classification\paper\paper142.jpg,paper142.jpg,paper
C:\Users\PC\Garbage-Classification\data\raw\Garbage classification\Garbage classification\paper\paper556.jpg,paper556.jpg,paper
C:\Users\PC\Garbage-Classification\data\raw\Garbage classification\Garbage classification\cardboard\cardboard17.jpg,cardboard17.jpg,cardboard
C:\Users\PC\Garbage-Classification\data\raw\Garbage classification\Garbage classification\cardboard\cardboard19.jpg,cardboard19.jpg,cardboard
C:\Users\PC\Garbage-Classification\data\raw\Garbage classification\Garbage classification\paper\paper542.jpg,paper542.jpg,paper
C:\Users\PC\Garbage-Classification\data\raw\Garbage classification\Garbage classification\plastic\plastic330.jpg,plastic330.jpg,plastic
C:\Users\PC\Garbage-Classification\data\raw\Garbage classification\Garbage classification\plastic\plastic210.jpg,plastic210.jpg,plastic
C:\Users\PC\Garbage-Classification\data\raw\Garbage classification\Garbage classification\paper\paper106.jpg,paper106.jpg,paper
C:\Users\PC\Garbage-Classification\data\raw\Garbage classification\Garbage classification\cardboard\cardboard275.jpg,cardboard275.jpg,cardboard
C:\Users\PC\Garbage-Classification\data\raw\Garbage classification\Garbage classification\plastic\plastic97.jpg,plastic97.jpg,plastic
C:\Users\PC\Garbage-Classification\data\raw\Garbage classification\Garbage classification\metal\metal164.jpg,metal164.jpg,metal
C:\Users\PC\Garbage-Classification\data\raw\Garbage classification\Garbage classification\metal\metal147.jpg,metal147.jpg,metal
C:\Users\PC\Garbage-Classification\data\raw\Garbage classification\Garbage classification\glass\glass291.jpg,glass291.jpg,glass
C:\Users\PC\Garbage-Classification\data\raw\Garbage classification\Garbage classification\plastic\plastic168.jpg,plastic168.jpg,plastic
C:\Users\PC\Garbage-Classification\data\raw\Garbage classification\Garbage classification\cardboard\cardboard334.jpg,cardboard334.jpg,cardboard
C:\Users\PC\Garbage-Classification\data\raw\Garbage classification\Garbage classification\metal\metal409.jpg,metal409.jpg,metal
C:\Users\PC\Garbage-Classification\data\raw\Garbage classification\Garbage classification\cardboard\cardboard95.jpg,cardboard95.jpg,cardboard
C:\Users\PC\Garbage-Classification\data\raw\Garbage classification\Garbage classification\paper\paper578.jpg,paper578.jpg,paper
C:\Users\PC\Garbage-Classification\data\raw\Garbage classification\Garbage classification\metal\metal146.jpg,metal146.jpg,metal
C:\Users\PC\Garbage-Classification\data\raw\Garbage classification\Garbage classification\plastic\plastic243.jpg,plastic243.jpg,plastic
C:\Users\PC\Garbage-Classification\data\raw\Garbage classification\Garbage classification\paper\paper548.jpg,paper548.jpg,paper
C:\Users\PC\Garbage-Classification\data\raw\Garbage classification\Garbage classification\paper\paper143.jpg,paper143.jpg,paper
C:\Users\PC\Garbage-Classification\data\raw\Garbage classification\Garbage classification\cardboard\cardboard211.jpg,cardboard211.jpg,cardboard
C:\Users\PC\Garbage-Classification\data\raw\Garbage classification\Garbage classification\metal\metal135.jpg,metal135.jpg,metal
C:\Users\PC\Garbage-Classification\data\raw\Garbage classification\Garbage classification\paper\paper12.jpg,paper12.jpg,paper
C:\Users\PC\Garbage-Classification\data\raw\Garbage classification\Garbage classification\plastic\plastic265.jpg,plastic265.jpg,plastic
C:\Users\PC\Garbage-Classification\data\raw\Garbage classification\Garbage classification\paper\paper354.jpg,paper354.jpg,paper
C:\Users\PC\Garbage-Classification\data\raw\Garbage classification\Garbage classification\plastic\plastic155.jpg,plastic155.jpg,plastic
C:\Users\PC\Garbage-Classification\data\raw\Garbage classification\Garbage classification\glass\glass482.jpg,glass482.jpg,glass
C:\Users\PC\Garbage-Classification\data\raw\Garbage classification\Garbage classification\plastic\plastic294.jpg,plastic294.jpg,plastic
C:\Users\PC\Garbage-Classification\data\raw\Garbage classification\Garbage classification\glass\glass283.jpg,glass283.jpg,glass
C:\Users\PC\Garbage-Classification\data\raw\Garbage classification\Garbage classification\plastic\plastic309.jpg,plastic309.jpg,plastic
C:\Users\PC\Garbage-Classification\data\raw\Garbage classification\Garbage classification\plastic\plastic164.jpg,plastic164.jpg,plastic
C:\Users\PC\Garbage-Classification\data\raw\Garbage classification\Garbage classification\metal\metal327.jpg,metal327.jpg,metal
C:\Users\PC\Garbage-Classification\data\raw\Garbage classification\Garbage classification\glass\glass116.jpg,glass116.jpg,glass
C:\Users\PC\Garbage-Classification\data\raw\Garbage classification\Garbage classification\plastic\plastic61.jpg,plastic61.jpg,plastic
C:\Users\PC\Garbage-Classification\data\raw\Garbage classification\Garbage classification\glass\glass43.jpg,glass43.jpg,glass
C:\Users\PC\Garbage-Classification\data\raw\Garbage classification\Garbage classification\cardboard\cardboard285.jpg,cardboard285.jpg,cardboard
C:\Users\PC\Garbage-Classification\data\raw\Garbage classification\Garbage classification\glass\glass49.jpg,glass49.jpg,glass
C:\Users\PC\Garbage-Classification\data\raw\Garbage classification\Garbage classification\paper\paper390.jpg,paper390.jpg,paper
C:\Users\PC\Garbage-Classification\data\raw\Garbage classification\Garbage classification\metal\metal186.jpg,metal186.jpg,metal
C:\Users\PC\Garbage-Classification\data\raw\Garbage classification\Garbage classification\paper\paper11.jpg,paper11.jpg,paper
C:\Users\PC\Garbage-Classification\data\raw\Garbage classification\Garbage classification\metal\metal111.jpg,metal111.jpg,metal
C:\Users\PC\Garbage-Classification\data\raw\Garbage classification\Garbage classification\plastic\plastic6.jpg,plastic6.jpg,plastic
C:\Users\PC\Garbage-Classification\data\raw\Garbage classification\Garbage classification\metal\metal89.jpg,metal89.jpg,metal
C:\Users\PC\Garbage-Classification\data\raw\Garbage classification\Garbage classification\paper\paper91.jpg,paper91.jpg,paper
C:\Users\PC\Garbage-Classification\data\raw\Garbage classification\Garbage classification\metal\metal59.jpg,metal59.jpg,metal
C:\Users\PC\Garbage-Classification\data\raw\Garbage classification\Garbage classification\plastic\plastic133.jpg,plastic133.jpg,plastic
C:\Users\PC\Garbage-Classification\data\raw\Garbage classification\Garbage classification\paper\paper272.jpg,paper272.jpg,paper
C:\Users\PC\Garbage-Classification\data\raw\Garbage classification\Garbage classification\plastic\plastic30.jpg,plastic30.jpg,plastic
C:\Users\PC\Garbage-Classification\data\raw\Garbage classification\Garbage classification\cardboard\cardboard89.jpg,cardboard89.jpg,cardboard
C:\Users\PC\Garbage-Classification\data\raw\Garbage classification\Garbage classification\plastic\plastic475.jpg,plastic475.jpg,plastic
C:\Users\PC\Garbage-Classification\data\raw\Garbage classification\Garbage classification\paper\paper512.jpg,paper512.jpg,paper
C:\Users\PC\Garbage-Classification\data\raw\Garbage classification\Garbage classification\metal\metal158.jpg,metal158.jpg,metal
C:\Users\PC\Garbage-Classification\data\raw\Garbage classification\Garbage classification\metal\metal239.jpg,metal239.jpg,metal
C:\Users\PC\Garbage-Classification\data\raw\Garbage classification\Garbage classification\cardboard\cardboard245.jpg,cardboard245.jpg,cardboard
C:\Users\PC\Garbage-Classification\data\raw\Garbage classification\Garbage classification\paper\paper162.jpg,paper162.jpg,paper
C:\Users\PC\Garbage-Classification\data\raw\Garbage classification\Garbage classification\metal\metal118.jpg,metal118.jpg,metal
C:\Users\PC\Garbage-Classification\data\raw\Garbage classification\Garbage classification\glass\glass220.jpg,glass220.jpg,glass
C:\Users\PC\Garbage-Classification\data\raw\Garbage classification\Garbage classification\cardboard\cardboard365.jpg,cardboard365.jpg,cardboard
C:\Users\PC\Garbage-Classification\data\raw\Garbage classification\Garbage classification\paper\paper409.jpg,paper409.jpg,paper
C:\Users\PC\Garbage-Classification\data\raw\Garbage classification\Garbage classification\trash\trash114.jpg,trash114.jpg,trash
C:\Users\PC\Garbage-Classification\data\raw\Garbage classification\Garbage classification\paper\paper76.jpg,paper76.jpg,paper
C:\Users\PC\Garbage-Classification\data\raw\Garbage classification\Garbage classification\cardboard\cardboard306.jpg,cardboard306.jpg,cardboard
C:\Users\PC\Garbage-Classification\data\raw\Garbage classification\Garbage classification\plastic\plastic469.jpg,plastic469.jpg,plastic
C:\Users\PC\Garbage-Classification\data\raw\Garbage classification\Garbage classification\glass\glass266.jpg,glass266.jpg,glass
C:\Users\PC\Garbage-Classification\data\raw\Garbage classification\Garbage classification\plastic\plastic76.jpg,plastic76.jpg,plastic
C:\Users\PC\Garbage-Classification\data\raw\Garbage classification\Garbage classification\cardboard\cardboard379.jpg,cardboard379.jpg,cardboard
C:\Users\PC\Garbage-Classification\data\raw\Garbage classification\Garbage classification\glass\glass397.jpg,glass397.jpg,glass
C:\Users\PC\Garbage-Classification\data\raw\Garbage classification\Garbage classification\paper\paper75.jpg,paper75.jpg,paper
C:\Users\PC\Garbage-Classification\data\raw\Garbage classification\Garbage classification\cardboard\cardboard137.jpg,cardboard137.jpg,cardboard
C:\Users\PC\Garbage-Classification\data\raw\Garbage classification\Garbage classification\trash\trash67.jpg,trash67.jpg,trash
C:\Users\PC\Garbage-Classification\data\raw\Garbage classification\Garbage classification\metal\metal333.jpg,metal333.jpg,metal
C:\Users\PC\Garbage-Classification\data\raw\Garbage classification\Garbage classification\metal\metal229.jpg,metal229.jpg,metal
C:\Users\PC\Garbage-Classification\data\raw\Garbage classification\Garbage classification\glass\glass25.jpg,glass25.jpg,glass
C:\Users\PC\Garbage-Classification\data\raw\Garbage classification\Garbage classification\metal\metal150.jpg,metal150.jpg,metal
C:\Users\PC\Garbage-Classification\data\raw\Garbage classification\Garbage classification\glass\glass186.jpg,glass186.jpg,glass
C:\Users\PC\Garbage-Classification\data\raw\Garbage classification\Garbage classification\metal\metal375.jpg,metal375.jpg,metal
C:\Users\PC\Garbage-Classification\data\raw\Garbage classification\Garbage classification\metal\metal376.jpg,metal376.jpg,metal
C:\Users\PC\Garbage-Classification\data\raw\Garbage classification\Garbage classification\plastic\plastic453.jpg,plastic453.jpg,plastic
C:\Users\PC\Garbage-Classification\data\raw\Garbage classification\Garbage classification\paper\paper262.jpg,paper262.jpg,paper
C:\Users\PC\Garbage-Classification\data\raw\Garbage classification\Garbage classification\cardboard\cardboard280.jpg,cardboard280.jpg,cardboard
C:\Users\PC\Garbage-Classification\data\raw\Garbage classification\Garbage classification\plastic\plastic471.jpg,plastic471.jpg,plastic
C:\Users\PC\Garbage-Classification\data\raw\Garbage classification\Garbage classification\glass\glass126.jpg,glass126.jpg,glass
C:\Users\PC\Garbage-Classification\data\raw\Garbage classification\Garbage classification\metal\metal128.jpg,metal128.jpg,metal
C:\Users\PC\Garbage-Classification\data\raw\Garbage classification\Garbage classification\plastic\plastic232.jpg,plastic232.jpg,plastic
C:\Users\PC\Garbage-Classification\data\raw\Garbage classification\Garbage classification\paper\paper69.jpg,paper69.jpg,paper
C:\Users\PC\Garbage-Classification\data\raw\Garbage classification\Garbage classification\glass\glass223.jpg,glass223.jpg,glass
C:\Users\PC\Garbage-Classification\data\raw\Garbage classification\Garbage classification\plastic\plastic400.jpg,plastic400.jpg,plastic
C:\Users\PC\Garbage-Classification\data\raw\Garbage classification\Garbage classification\paper\paper477.jpg,paper477.jpg,paper
C:\Users\PC\Garbage-Classification\data\raw\Garbage classification\Garbage classification\cardboard\cardboard302.jpg,cardboard302.jpg,cardboard
C:\Users\PC\Garbage-Classification\data\raw\Garbage classification\Garbage classification\paper\paper534.jpg,paper534.jpg,paper
C:\Users\PC\Garbage-Classification\data\raw\Garbage classification\Garbage classification\glass\glass276.jpg,glass276.jpg,glass
C:\Users\PC\Garbage-Classification\data\raw\Garbage classification\Garbage classification\cardboard\cardboard207.jpg,cardboard207.jpg,cardboard
C:\Users\PC\Garbage-Classification\data\raw\Garbage classification\Garbage classification\paper\paper322.jpg,paper322.jpg,paper
C:\Users\PC\Garbage-Classification\data\raw\Garbage classification\Garbage classification\glass\glass498.jpg,glass498.jpg,glass
C:\Users\PC\Garbage-Classification\data\raw\Garbage classification\Garbage classification\paper\paper340.jpg,paper340.jpg,paper
C:\Users\PC\Garbage-Classification\data\raw\Garbage classification\Garbage classification\cardboard\cardboard200.jpg,cardboard200.jpg,cardboard
C:\Users\PC\Garbage-Classification\data\raw\Garbage classification\Garbage classification\metal\metal266.jpg,metal266.jpg,metal
C:\Users\PC\Garbage-Classification\data\raw\Garbage classification\Garbage classification\glass\glass224.jpg,glass224.jpg,glass
C:\Users\PC\Garbage-Classification\data\raw\Garbage classification\Garbage classification\metal\metal189.jpg,metal189.jpg,metal
C:\Users\PC\Garbage-Classification\data\raw\Garbage classification\Garbage classification\metal\metal287.jpg,metal287.jpg,metal
C:\Users\PC\Garbage-Classification\data\raw\Garbage classification\Garbage classification\plastic\plastic283.jpg,plastic283.jpg,plastic
C:\Users\PC\Garbage-Classification\data\raw\Garbage classification\Garbage classification\paper\paper326.jpg,paper326.jpg,paper
C:\Users\PC\Garbage-Classification\data\raw\Garbage classification\Garbage classification\glass\glass288.jpg,glass288.jpg,glass
C:\Users\PC\Garbage-Classification\data\raw\Garbage classification\Garbage classification\glass\glass28.jpg,glass28.jpg,glass
C:\Users\PC\Garbage-Classification\data\raw\Garbage classification\Garbage classification\plastic\plastic117.jpg,plastic117.jpg,plastic
C:\Users\PC\Garbage-Classification\data\raw\Garbage classification\Garbage classification\plastic\plastic208.jpg,plastic208.jpg,plastic
C:\Users\PC\Garbage-Classification\data\raw\Garbage classification\Garbage classification\cardboard\cardboard399.jpg,cardboard399.jpg,cardboard
C:\Users\PC\Garbage-Classification\data\raw\Garbage classification\Garbage classification\cardboard\cardboard100.jpg,cardboard100.jpg,cardboard
C:\Users\PC\Garbage-Classification\data\raw\Garbage classification\Garbage classification\paper\paper100.jpg,paper100.jpg,paper
C:\Users\PC\Garbage-Classification\data\raw\Garbage classification\Garbage classification\paper\paper422.jpg,paper422.jpg,paper
C:\Users\PC\Garbage-Classification\data\raw\Garbage classification\Garbage classification\metal\metal383.jpg,metal383.jpg,metal
C:\Users\PC\Garbage-Classification\data\raw\Garbage classification\Garbage classification\trash\trash53.jpg,trash53.jpg,trash
C:\Users\PC\Garbage-Classification\data\raw\Garbage classification\Garbage classification\metal\metal290.jpg,metal290.jpg,metal
C:\Users\PC\Garbage-Classification\data\raw\Garbage classification\Garbage classification\glass\glass427.jpg,glass427.jpg,glass
C:\Users\PC\Garbage-Classification\data\raw\Garbage classification\Garbage classification\cardboard\cardboard135.jpg,cardboard135.jpg,cardboard
C:\Users\PC\Garbage-Classification\data\raw\Garbage classification\Garbage classification\glass\glass31.jpg,glass31.jpg,glass
C:\Users\PC\Garbage-Classification\data\raw\Garbage classification\Garbage classification\glass\glass85.jpg,glass85.jpg,glass
C:\Users\PC\Garbage-Classification\data\raw\Garbage classification\Garbage classification\plastic\plastic40.jpg,plastic40.jpg,plastic
C:\Users\PC\Garbage-Classification\data\raw\Garbage classification\Garbage classification\paper\paper83.jpg,paper83.jpg,paper
C:\Users\PC\Garbage-Classification\data\raw\Garbage classification\Garbage classification\glass\glass151.jpg,glass151.jpg,glass
C:\Users\PC\Garbage-Classification\data\raw\Garbage classification\Garbage classification\cardboard\cardboard2.jpg,cardboard2.jpg,cardboard
C:\Users\PC\Garbage-Classification\data\raw\Garbage classification\Garbage classification\cardboard\cardboard60.jpg,cardboard60.jpg,cardboard
C:\Users\PC\Garbage-Classification\data\raw\Garbage classification\Garbage classification\glass\glass64.jpg,glass64.jpg,glass
C:\Users\PC\Garbage-Classification\data\raw\Garbage classification\Garbage classification\metal\metal279.jpg,metal279.jpg,metal
C:\Users\PC\Garbage-Classification\data\raw\Garbage classification\Garbage classification\glass\glass370.jpg,glass370.jpg,glass
C:\Users\PC\Garbage-Classification\data\raw\Garbage classification\Garbage classification\metal\metal125.jpg,metal125.jpg,metal
C:\Users\PC\Garbage-Classification\data\raw\Garbage classification\Garbage classification\glass\glass166.jpg,glass166.jpg,glass
C:\Users\PC\Garbage-Classification\data\raw\Garbage classification\Garbage classification\glass\glass252.jpg,glass252.jpg,glass
C:\Users\PC\Garbage-Classification\data\raw\Garbage classification\Garbage classification\metal\metal5.jpg,metal5.jpg,metal
C:\Users\PC\Garbage-Classification\data\raw\Garbage classification\Garbage classification\metal\metal234.jpg,metal234.jpg,metal
C:\Users\PC\Garbage-Classification\data\raw\Garbage classification\Garbage classification\paper\paper399.jpg,paper399.jpg,paper
C:\Users\PC\Garbage-Classification\data\raw\Garbage classification\Garbage classification\paper\paper227.jpg,paper227.jpg,paper
C:\Users\PC\Garbage-Classification\data\raw\Garbage classification\Garbage classification\cardboard\cardboard228.jpg,cardboard228.jpg,cardboard
C:\Users\PC\Garbage-Classification\data\raw\Garbage classification\Garbage classification\plastic\plastic131.jpg,plastic131.jpg,plastic
C:\Users\PC\Garbage-Classification\data\raw\Garbage classification\Garbage classification\metal\metal84.jpg,metal84.jpg,metal
C:\Users\PC\Garbage-Classification\data\raw\Garbage classification\Garbage classification\plastic\plastic202.jpg,plastic202.jpg,plastic
C:\Users\PC\Garbage-Classification\data\raw\Garbage classification\Garbage classification\metal\metal33.jpg,metal33.jpg,metal
C:\Users\PC\Garbage-Classification\data\raw\Garbage classification\Garbage classification\paper\paper478.jpg,paper478.jpg,paper
C:\Users\PC\Garbage-Classification\data\raw\Garbage classification\Garbage classification\metal\metal188.jpg,metal188.jpg,metal
C:\Users\PC\Garbage-Classification\data\raw\Garbage classification\Garbage classification\glass\glass131.jpg,glass131.jpg,glass
C:\Users\PC\Garbage-Classification\data\raw\Garbage classification\Garbage classification\glass\glass164.jpg,glass164.jpg,glass
C:\Users\PC\Garbage-Classification\data\raw\Garbage classification\Garbage classification\plastic\plastic173.jpg,plastic173.jpg,plastic
C:\Users\PC\Garbage-Classification\data\raw\Garbage classification\Garbage classification\plastic\plastic172.jpg,plastic172.jpg,plastic
C:\Users\PC\Garbage-Classification\data\raw\Garbage classification\Garbage classification\plastic\plastic302.jpg,plastic302.jpg,plastic
C:\Users\PC\Garbage-Classification\data\raw\Garbage classification\Garbage classification\glass\glass143.jpg,glass143.jpg,glass
C:\Users\PC\Garbage-Classification\data\raw\Garbage classification\Garbage classification\cardboard\cardboard85.jpg,cardboard85.jpg,cardboard
C:\Users\PC\Garbage-Classification\data\raw\Garbage classification\Garbage classification\metal\metal123.jpg,metal123.jpg,metal
C:\Users\PC\Garbage-Classification\data\raw\Garbage classification\Garbage classification\glass\glass419.jpg,glass419.jpg,glass
C:\Users\PC\Garbage-Classification\data\raw\Garbage classification\Garbage classification\glass\glass163.jpg,glass163.jpg,glass
C:\Users\PC\Garbage-Classification\data\raw\Garbage classification\Garbage classification\plastic\plastic94.jpg,plastic94.jpg,plastic
C:\Users\PC\Garbage-Classification\data\raw\Garbage classification\Garbage classification\glass\glass23.jpg,glass23.jpg,glass
C:\Users\PC\Garbage-Classification\data\raw\Garbage classification\Garbage classification\cardboard\cardboard270.jpg,cardboard270.jpg,cardboard
C:\Users\PC\Garbage-Classification\data\raw\Garbage classification\Garbage classification\paper\paper270.jpg,paper270.jpg,paper
C:\Users\PC\Garbage-Classification\data\raw\Garbage classification\Garbage classification\plastic\plastic184.jpg,plastic184.jpg,plastic
C:\Users\PC\Garbage-Classification\data\raw\Garbage classification\Garbage classification\cardboard\cardboard259.jpg,cardboard259.jpg,cardboard
C:\Users\PC\Garbage-Classification\data\raw\Garbage classification\Garbage classification\glass\glass424.jpg,glass424.jpg,glass
C:\Users\PC\Garbage-Classification\data\raw\Garbage classification\Garbage classification\glass\glass444.jpg,glass444.jpg,glass
C:\Users\PC\Garbage-Classification\data\raw\Garbage classification\Garbage classification\glass\glass294.jpg,glass294.jpg,glass
C:\Users\PC\Garbage-Classification\data\raw\Garbage classification\Garbage classification\glass\glass425.jpg,glass425.jpg,glass
C:\Users\PC\Garbage-Classification\data\raw\Garbage classification\Garbage classification\trash\trash103.jpg,trash103.jpg,trash
C:\Users\PC\Garbage-Classification\data\raw\Garbage classification\Garbage classification\glass\glass98.jpg,glass98.jpg,glass
C:\Users\PC\Garbage-Classification\data\raw\Garbage classification\Garbage classification\cardboard\cardboard209.jpg,cardboard209.jpg,cardboard
C:\Users\PC\Garbage-Classification\data\raw\Garbage classification\Garbage classification\paper\paper327.jpg,paper327.jpg,paper
C:\Users\PC\Garbage-Classification\data\raw\Garbage classification\Garbage classification\cardboard\cardboard79.jpg,cardboard79.jpg,cardboard
C:\Users\PC\Garbage-Classification\data\raw\Garbage classification\Garbage classification\paper\paper165.jpg,paper165.jpg,paper
C:\Users\PC\Garbage-Classification\data\raw\Garbage classification\Garbage classification\metal\metal226.jpg,metal226.jpg,metal
C:\Users\PC\Garbage-Classification\data\raw\Garbage classification\Garbage classification\glass\glass353.jpg,glass353.jpg,glass
C:\Users\PC\Garbage-Classification\data\raw\Garbage classification\Garbage classification\paper\paper338.jpg,paper338.jpg,paper
C:\Users\PC\Garbage-Classification\data\raw\Garbage classification\Garbage classification\paper\paper588.jpg,paper588.jpg,paper
C:\Users\PC\Garbage-Classification\data\raw\Garbage classification\Garbage classification\glass\glass333.jpg,glass333.jpg,glass
C:\Users\PC\Garbage-Classification\data\raw\Garbage classification\Garbage classification\cardboard\cardboard190.jpg,cardboard190.jpg,cardboard
C:\Users\PC\Garbage-Classification\data\raw\Garbage classification\Garbage classification\glass\glass196.jpg,glass196.jpg,glass
C:\Users\PC\Garbage-Classification\data\raw\Garbage classification\Garbage classification\plastic\plastic34.jpg,plastic34.jpg,plastic
C:\Users\PC\Garbage-Classification\data\raw\Garbage classification\Garbage classification\paper\paper351.jpg,paper351.jpg,paper
C:\Users\PC\Garbage-Classification\data\raw\Garbage classification\Garbage classification\cardboard\cardboard296.jpg,cardboard296.jpg,cardboard
C:\Users\PC\Garbage-Classification\data\raw\Garbage classification\Garbage classification\glass\glass248.jpg,glass248.jpg,glass
C:\Users\PC\Garbage-Classification\data\raw\Garbage classification\Garbage classification\glass\glass373.jpg,glass373.jpg,glass
C:\Users\PC\Garbage-Classification\data\raw\Garbage classification\Garbage classification\glass\glass464.jpg,glass464.jpg,glass
C:\Users\PC\Garbage-Classification\data\raw\Garbage classification\Garbage classification\paper\paper440.jpg,paper440.jpg,paper
C:\Users\PC\Garbage-Classification\data\raw\Garbage classification\Garbage classification\plastic\plastic279.jpg,plastic279.jpg,plastic
C:\Users\PC\Garbage-Classification\data\raw\Garbage classification\Garbage classification\glass\glass112.jpg,glass112.jpg,glass
C:\Users\PC\Garbage-Classification\data\raw\Garbage classification\Garbage classification\plastic\plastic214.jpg,plastic214.jpg,plastic
C:\Users\PC\Garbage-Classification\data\raw\Garbage classification\Garbage classification\plastic\plastic55.jpg,plastic55.jpg,plastic
C:\Users\PC\Garbage-Classification\data\raw\Garbage classification\Garbage classification\metal\metal291.jpg,metal291.jpg,metal
C:\Users\PC\Garbage-Classification\data\raw\Garbage classification\Garbage classification\plastic\plastic437.jpg,plastic437.jpg,plastic
C:\Users\PC\Garbage-Classification\data\raw\Garbage classification\Garbage classification\paper\paper123.jpg,paper123.jpg,paper
C:\Users\PC\Garbage-Classification\data\raw\Garbage classification\Garbage classification\trash\trash119.jpg,trash119.jpg,trash
C:\Users\PC\Garbage-Classification\data\raw\Garbage classification\Garbage classification\glass\glass190.jpg,glass190.jpg,glass
C:\Users\PC\Garbage-Classification\data\raw\Garbage classification\Garbage classification\glass\glass477.jpg,glass477.jpg,glass
C:\Users\PC\Garbage-Classification\data\raw\Garbage classification\Garbage classification\metal\metal236.jpg,metal236.jpg,metal
C:\Users\PC\Garbage-Classification\data\raw\Garbage classification\Garbage classification\glass\glass37.jpg,glass37.jpg,glass
C:\Users\PC\Garbage-Classification\data\raw\Garbage classification\Garbage classification\glass\glass360.jpg,glass360.jpg,glass
C:\Users\PC\Garbage-Classification\data\raw\Garbage classification\Garbage classification\trash\trash32.jpg,trash32.jpg,trash
C:\Users\PC\Garbage-Classification\data\raw\Garbage classification\Garbage classification\plastic\plastic136.jpg,plastic136.jpg,plastic
C:\Users\PC\Garbage-Classification\data\raw\Garbage classification\Garbage classification\paper\paper482.jpg,paper482.jpg,paper
C:\Users\PC\Garbage-Classification\data\raw\Garbage classification\Garbage classification\cardboard\cardboard229.jpg,cardboard229.jpg,cardboard
C:\Users\PC\Garbage-Classification\data\raw\Garbage classification\Garbage classification\cardboard\cardboard213.jpg,cardboard213.jpg,cardboard
C:\Users\PC\Garbage-Classification\data\raw\Garbage classification\Garbage classification\metal\metal261.jpg,metal261.jpg,metal
C:\Users\PC\Garbage-Classification\data\raw\Garbage classification\Garbage classification\glass\glass305.jpg,glass305.jpg,glass
C:\Users\PC\Garbage-Classification\data\raw\Garbage classification\Garbage classification\cardboard\cardboard295.jpg,cardboard295.jpg,cardboard
C:\Users\PC\Garbage-Classification\data\raw\Garbage classification\Garbage classification\paper\paper467.jpg,paper467.jpg,paper
C:\Users\PC\Garbage-Classification\data\raw\Garbage classification\Garbage classification\plastic\plastic32.jpg,plastic32.jpg,plastic
C:\Users\PC\Garbage-Classification\data\raw\Garbage classification\Garbage classification\metal\metal42.jpg,metal42.jpg,metal
C:\Users\PC\Garbage-Classification\data\raw\Garbage classification\Garbage classification\plastic\plastic93.jpg,plastic93.jpg,plastic
C:\Users\PC\Garbage-Classification\data\raw\Garbage classification\Garbage classification\plastic\plastic159.jpg,plastic159.jpg,plastic
C:\Users\PC\Garbage-Classification\data\raw\Garbage classification\Garbage classification\cardboard\cardboard11.jpg,cardboard11.jpg,cardboard
C:\Users\PC\Garbage-Classification\data\raw\Garbage classification\Garbage classification\metal\metal242.jpg,metal242.jpg,metal
C:\Users\PC\Garbage-Classification\data\raw\Garbage classification\Garbage classification\cardboard\cardboard119.jpg,cardboard119.jpg,cardboard
C:\Users\PC\Garbage-Classification\data\raw\Garbage classification\Garbage classification\glass\glass461.jpg,glass461.jpg,glass
C:\Users\PC\Garbage-Classification\data\raw\Garbage classification\Garbage classification\metal\metal278.jpg,metal278.jpg,metal
C:\Users\PC\Garbage-Classification\data\raw\Garbage classification\Garbage classification\glass\glass180.jpg,glass180.jpg,glass
C:\Users\PC\Garbage-Classification\data\raw\Garbage classification\Garbage classification\cardboard\cardboard186.jpg,cardboard186.jpg,cardboard
C:\Users\PC\Garbage-Classification\data\raw\Garbage classification\Garbage classification\metal\metal293.jpg,metal293.jpg,metal
C:\Users\PC\Garbage-Classification\data\raw\Garbage classification\Garbage classification\glass\glass46.jpg,glass46.jpg,glass
C:\Users\PC\Garbage-Classification\data\raw\Garbage classification\Garbage classification\cardboard\cardboard192.jpg,cardboard192.jpg,cardboard
C:\Users\PC\Garbage-Classification\data\raw\Garbage classification\Garbage classification\cardboard\cardboard299.jpg,cardboard299.jpg,cardboard
C:\Users\PC\Garbage-Classification\data\raw\Garbage classification\Garbage classification\metal\metal17.jpg,metal17.jpg,metal
C:\Users\PC\Garbage-Classification\data\raw\Garbage classification\Garbage classification\paper\paper211.jpg,paper211.jpg,paper
C:\Users\PC\Garbage-Classification\data\raw\Garbage classification\Garbage classification\plastic\plastic260.jpg,plastic260.jpg,plastic
C:\Users\PC\Garbage-Classification\data\raw\Garbage classification\Garbage classification\metal\metal231.jpg,metal231.jpg,metal
C:\Users\PC\Garbage-Classification\data\raw\Garbage classification\Garbage classification\paper\paper590.jpg,paper590.jpg,paper
C:\Users\PC\Garbage-Classification\data\raw\Garbage classification\Garbage classification\metal\metal398.jpg,metal398.jpg,metal
C:\Users\PC\Garbage-Classification\data\raw\Garbage classification\Garbage classification\glass\glass246.jpg,glass246.jpg,glass
C:\Users\PC\Garbage-Classification\data\raw\Garbage classification\Garbage classification\paper\paper489.jpg,paper489.jpg,paper
C:\Users\PC\Garbage-Classification\data\raw\Garbage classification\Garbage classification\paper\paper551.jpg,paper551.jpg,paper
C:\Users\PC\Garbage-Classification\data\raw\Garbage classification\Garbage classification\paper\paper386.jpg,paper386.jpg,paper
C:\Users\PC\Garbage-Classification\data\raw\Garbage classification\Garbage classification\metal\metal47.jpg,metal47.jpg,metal
C:\Users\PC\Garbage-Classification\data\raw\Garbage classification\Garbage classification\glass\glass487.jpg,glass487.jpg,glass
C:\Users\PC\Garbage-Classification\data\raw\Garbage classification\Garbage classification\metal\metal74.jpg,metal74.jpg,metal
C:\Users\PC\Garbage-Classification\data\raw\Garbage classification\Garbage classification\metal\metal196.jpg,metal196.jpg,metal
C:\Users\PC\Garbage-Classification\data\raw\Garbage classification\Garbage classification\plastic\plastic234.jpg,plastic234.jpg,plastic
C:\Users\PC\Garbage-Classification\data\raw\Garbage classification\Garbage classification\paper\paper182.jpg,paper182.jpg,paper
C:\Users\PC\Garbage-Classification\data\raw\Garbage classification\Garbage classification\metal\metal104.jpg,metal104.jpg,metal
C:\Users\PC\Garbage-Classification\data\raw\Garbage classification\Garbage classification\metal\metal361.jpg,metal361.jpg,metal
C:\Users\PC\Garbage-Classification\data\raw\Garbage classification\Garbage classification\glass\glass374.jpg,glass374.jpg,glass
C:\Users\PC\Garbage-Classification\data\raw\Garbage classification\Garbage classification\cardboard\cardboard225.jpg,cardboard225.jpg,cardboard
C:\Users\PC\Garbage-Classification\data\raw\Garbage classification\Garbage classification\metal\metal342.jpg,metal342.jpg,metal
C:\Users\PC\Garbage-Classification\data\raw\Garbage classification\Garbage classification\paper\paper577.jpg,paper577.jpg,paper
C:\Users\PC\Garbage-Classification\data\raw\Garbage classification\Garbage classification\plastic\plastic351.jpg,plastic351.jpg,plastic
C:\Users\PC\Garbage-Classification\data\raw\Garbage classification\Garbage classification\cardboard\cardboard80.jpg,cardboard80.jpg,cardboard
C:\Users\PC\Garbage-Classification\data\raw\Garbage classification\Garbage classification\trash\trash127.jpg,trash127.jpg,trash
C:\Users\PC\Garbage-Classification\data\raw\Garbage classification\Garbage classification\paper\paper459.jpg,paper459.jpg,paper
C:\Users\PC\Garbage-Classification\data\raw\Garbage classification\Garbage classification\glass\glass144.jpg,glass144.jpg,glass
C:\Users\PC\Garbage-Classification\data\raw\Garbage classification\Garbage classification\metal\metal371.jpg,metal371.jpg,metal
C:\Users\PC\Garbage-Classification\data\raw\Garbage classification\Garbage classification\plastic\plastic205.jpg,plastic205.jpg,plastic
C:\Users\PC\Garbage-Classification\data\raw\Garbage classification\Garbage classification\metal\metal285.jpg,metal285.jpg,metal
C:\Users\PC\Garbage-Classification\data\raw\Garbage classification\Garbage classification\plastic\plastic389.jpg,plastic389.jpg,plastic
C:\Users\PC\Garbage-Classification\data\raw\Garbage classification\Garbage classification\paper\paper110.jpg,paper110.jpg,paper
C:\Users\PC\Garbage-Classification\data\raw\Garbage classification\Garbage classification\trash\trash17.jpg,trash17.jpg,trash
C:\Users\PC\Garbage-Classification\data\raw\Garbage classification\Garbage classification\plastic\plastic313.jpg,plastic313.jpg,plastic
C:\Users\PC\Garbage-Classification\data\raw\Garbage classification\Garbage classification\paper\paper94.jpg,paper94.jpg,paper
C:\Users\PC\Garbage-Classification\data\raw\Garbage classification\Garbage classification\metal\metal79.jpg,metal79.jpg,metal
C:\Users\PC\Garbage-Classification\data\raw\Garbage classification\Garbage classification\trash\trash125.jpg,trash125.jpg,trash
C:\Users\PC\Garbage-Classification\data\raw\Garbage classification\Garbage classification\cardboard\cardboard166.jpg,cardboard166.jpg,cardboard
C:\Users\PC\Garbage-Classification\data\raw\Garbage classification\Garbage classification\cardboard\cardboard48.jpg,cardboard48.jpg,cardboard
C:\Users\PC\Garbage-Classification\data\raw\Garbage classification\Garbage classification\trash\trash44.jpg,trash44.jpg,trash
C:\Users\PC\Garbage-Classification\data\raw\Garbage classification\Garbage classification\cardboard\cardboard252.jpg,cardboard252.jpg,cardboard
C:\Users\PC\Garbage-Classification\data\raw\Garbage classification\Garbage classification\plastic\plastic62.jpg,plastic62.jpg,plastic
C:\Users\PC\Garbage-Classification\data\raw\Garbage classification\Garbage classification\paper\paper410.jpg,paper410.jpg,paper
C:\Users\PC\Garbage-Classification\data\raw\Garbage classification\Garbage classification\metal\metal131.jpg,metal131.jpg,metal
C:\Users\PC\Garbage-Classification\data\raw\Garbage classification\Garbage classification\cardboard\cardboard75.jpg,cardboard75.jpg,cardboard
C:\Users\PC\Garbage-Classification\data\raw\Garbage classification\Garbage classification\glass\glass260.jpg,glass260.jpg,glass
C:\Users\PC\Garbage-Classification\data\raw\Garbage classification\Garbage classification\cardboard\cardboard327.jpg,cardboard327.jpg,cardboard
C:\Users\PC\Garbage-Classification\data\raw\Garbage classification\Garbage classification\trash\trash65.jpg,trash65.jpg,trash
C:\Users\PC\Garbage-Classification\data\raw\Garbage classification\Garbage classification\paper\paper441.jpg,paper441.jpg,paper
C:\Users\PC\Garbage-Classification\data\raw\Garbage classification\Garbage classification\paper\paper497.jpg,paper497.jpg,paper
C:\Users\PC\Garbage-Classification\data\raw\Garbage classification\Garbage classification\paper\paper121.jpg,paper121.jpg,paper
C:\Users\PC\Garbage-Classification\data\raw\Garbage classification\Garbage classification\glass\glass330.jpg,glass330.jpg,glass
C:\Users\PC\Garbage-Classification\data\raw\Garbage classification\Garbage classification\metal\metal245.jpg,metal245.jpg,metal
C:\Users\PC\Garbage-Classification\data\raw\Garbage classification\Garbage classification\paper\paper334.jpg,paper334.jpg,paper
C:\Users\PC\Garbage-Classification\data\raw\Garbage classification\Garbage classification\metal\metal250.jpg,metal250.jpg,metal
C:\Users\PC\Garbage-Classification\data\raw\Garbage classification\Garbage classification\paper\paper188.jpg,paper188.jpg,paper
C:\Users\PC\Garbage-Classification\data\raw\Garbage classification\Garbage classification\plastic\plastic394.jpg,plastic394.jpg,plastic
C:\Users\PC\Garbage-Classification\data\raw\Garbage classification\Garbage classification\paper\paper299.jpg,paper299.jpg,paper
C:\Users\PC\Garbage-Classification\data\raw\Garbage classification\Garbage classification\paper\paper520.jpg,paper520.jpg,paper
C:\Users\PC\Garbage-Classification\data\raw\Garbage classification\Garbage classification\metal\metal13.jpg,metal13.jpg,metal
C:\Users\PC\Garbage-Classification\data\raw\Garbage classification\Garbage classification\glass\glass153.jpg,glass153.jpg,glass
C:\Users\PC\Garbage-Classification\data\raw\Garbage classification\Garbage classification\plastic\plastic434.jpg,plastic434.jpg,plastic
C:\Users\PC\Garbage-Classification\data\raw\Garbage classification\Garbage classification\metal\metal354.jpg,metal354.jpg,metal
C:\Users\PC\Garbage-Classification\data\raw\Garbage classification\Garbage classification\paper\paper418.jpg,paper418.jpg,paper
C:\Users\PC\Garbage-Classification\data\raw\Garbage classification\Garbage classification\plastic\plastic128.jpg,plastic128.jpg,plastic
C:\Users\PC\Garbage-Classification\data\raw\Garbage classification\Garbage classification\paper\paper579.jpg,paper579.jpg,paper
C:\Users\PC\Garbage-Classification\data\raw\Garbage classification\Garbage classification\glass\glass428.jpg,glass428.jpg,glass
C:\Users\PC\Garbage-Classification\data\raw\Garbage classification\Garbage classification\paper\paper446.jpg,paper446.jpg,paper
C:\Users\PC\Garbage-Classification\data\raw\Garbage classification\Garbage classification\paper\paper283.jpg,paper283.jpg,paper
C:\Users\PC\Garbage-Classification\data\raw\Garbage classification\Garbage classification\plastic\plastic452.jpg,plastic452.jpg,plastic
C:\Users\PC\Garbage-Classification\data\raw\Garbage classification\Garbage classification\plastic\plastic298.jpg,plastic298.jpg,plastic
C:\Users\PC\Garbage-Classification\data\raw\Garbage classification\Garbage classification\cardboard\cardboard132.jpg,cardboard132.jpg,cardboard
C:\Users\PC\Garbage-Classification\data\raw\Garbage classification\Garbage classification\trash\trash121.jpg,trash121.jpg,trash
C:\Users\PC\Garbage-Classification\data\raw\Garbage classification\Garbage classification\cardboard\cardboard116.jpg,cardboard116.jpg,cardboard
C:\Users\PC\Garbage-Classification\data\raw\Garbage classification\Garbage classification\cardboard\cardboard339.jpg,cardboard339.jpg,cardboard
C:\Users\PC\Garbage-Classification\data\raw\Garbage classification\Garbage classification\plastic\plastic198.jpg,plastic198.jpg,plastic
C:\Users\PC\Garbage-Classification\data\raw\Garbage classification\Garbage classification\cardboard\cardboard31.jpg,cardboard31.jpg,cardboard
C:\Users\PC\Garbage-Classification\data\raw\Garbage classification\Garbage classification\paper\paper363.jpg,paper363.jpg,paper
C:\Users\PC\Garbage-Classification\data\raw\Garbage classification\Garbage classification\metal\metal14.jpg,metal14.jpg,metal
C:\Users\PC\Garbage-Classification\data\raw\Garbage classification\Garbage classification\metal\metal230.jpg,metal230.jpg,metal
C:\Users\PC\Garbage-Classification\data\raw\Garbage classification\Garbage classification\paper\paper500.jpg,paper500.jpg,paper
C:\Users\PC\Garbage-Classification\data\raw\Garbage classification\Garbage classification\paper\paper189.jpg,paper189.jpg,paper
C:\Users\PC\Garbage-Classification\data\raw\Garbage classification\Garbage classification\paper\paper134.jpg,paper134.jpg,paper
C:\Users\PC\Garbage-Classification\data\raw\Garbage classification\Garbage classification\plastic\plastic262.jpg,plastic262.jpg,plastic
C:\Users\PC\Garbage-Classification\data\raw\Garbage classification\Garbage classification\glass\glass468.jpg,glass468.jpg,glass
C:\Users\PC\Garbage-Classification\data\raw\Garbage classification\Garbage classification\glass\glass267.jpg,glass267.jpg,glass
C:\Users\PC\Garbage-Classification\data\raw\Garbage classification\Garbage classification\glass\glass403.jpg,glass403.jpg,glass
C:\Users\PC\Garbage-Classification\data\raw\Garbage classification\Garbage classification\paper\paper213.jpg,paper213.jpg,paper
C:\Users\PC\Garbage-Classification\data\raw\Garbage classification\Garbage classification\paper\paper198.jpg,paper198.jpg,paper
C:\Users\PC\Garbage-Classification\data\raw\Garbage classification\Garbage classification\paper\paper376.jpg,paper376.jpg,paper
C:\Users\PC\Garbage-Classification\data\raw\Garbage classification\Garbage classification\paper\paper528.jpg,paper528.jpg,paper
C:\Users\PC\Garbage-Classification\data\raw\Garbage classification\Garbage classification\paper\paper261.jpg,paper261.jpg,paper
C:\Users\PC\Garbage-Classification\data\raw\Garbage classification\Garbage classification\cardboard\cardboard51.jpg,cardboard51.jpg,cardboard
C:\Users\PC\Garbage-Classification\data\raw\Garbage classification\Garbage classification\paper\paper252.jpg,paper252.jpg,paper
C:\Users\PC\Garbage-Classification\data\raw\Garbage classification\Garbage classification\cardboard\cardboard74.jpg,cardboard74.jpg,cardboard
C:\Users\PC\Garbage-Classification\data\raw\Garbage classification\Garbage classification\cardboard\cardboard264.jpg,cardboard264.jpg,cardboard
C:\Users\PC\Garbage-Classification\data\raw\Garbage classification\Garbage classification\plastic\plastic221.jpg,plastic221.jpg,plastic
C:\Users\PC\Garbage-Classification\data\raw\Garbage classification\Garbage classification\metal\metal386.jpg,metal386.jpg,metal
C:\Users\PC\Garbage-Classification\data\raw\Garbage classification\Garbage classification\plastic\plastic186.jpg,plastic186.jpg,plastic
C:\Users\PC\Garbage-Classification\data\raw\Garbage classification\Garbage classification\trash\trash46.jpg,trash46.jpg,trash
C:\Users\PC\Garbage-Classification\data\raw\Garbage classification\Garbage classification\cardboard\cardboard170.jpg,cardboard170.jpg,cardboard
C:\Users\PC\Garbage-Classification\data\raw\Garbage classification\Garbage classification\plastic\plastic250.jpg,plastic250.jpg,plastic
C:\Users\PC\Garbage-Classification\data\raw\Garbage classification\Garbage classification\glass\glass193.jpg,glass193.jpg,glass
C:\Users\PC\Garbage-Classification\data\raw\Garbage classification\Garbage classification\paper\paper485.jpg,paper485.jpg,paper
C:\Users\PC\Garbage-Classification\data\raw\Garbage classification\Garbage classification\paper\paper517.jpg,paper517.jpg,paper
C:\Users\PC\Garbage-Classification\data\raw\Garbage classification\Garbage classification\cardboard\cardboard92.jpg,cardboard92.jpg,cardboard
C:\Users\PC\Garbage-Classification\data\raw\Garbage classification\Garbage classification\metal\metal178.jpg,metal178.jpg,metal
C:\Users\PC\Garbage-Classification\data\raw\Garbage classification\Garbage classification\plastic\plastic295.jpg,plastic295.jpg,plastic
C:\Users\PC\Garbage-Classification\data\raw\Garbage classification\Garbage classification\plastic\plastic45.jpg,plastic45.jpg,plastic
C:\Users\PC\Garbage-Classification\data\raw\Garbage classification\Garbage classification\paper\paper347.jpg,paper347.jpg,paper
C:\Users\PC\Garbage-Classification\data\raw\Garbage classification\Garbage classification\glass\glass443.jpg,glass443.jpg,glass
C:\Users\PC\Garbage-Classification\data\raw\Garbage classification\Garbage classification\paper\paper360.jpg,paper360.jpg,paper
C:\Users\PC\Garbage-Classification\data\raw\Garbage classification\Garbage classification\paper\paper336.jpg,paper336.jpg,paper
C:\Users\PC\Garbage-Classification\data\raw\Garbage classification\Garbage classification\cardboard\cardboard104.jpg,cardboard104.jpg,cardboard
C:\Users\PC\Garbage-Classification\data\raw\Garbage classification\Garbage classification\plastic\plastic226.jpg,plastic226.jpg,plastic
C:\Users\PC\Garbage-Classification\data\raw\Garbage classification\Garbage classification\glass\glass485.jpg,glass485.jpg,glass
C:\Users\PC\Garbage-Classification\data\raw\Garbage classification\Garbage classification\glass\glass351.jpg,glass351.jpg,glass
C:\Users\PC\Garbage-Classification\data\raw\Garbage classification\Garbage classification\glass\glass165.jpg,glass165.jpg,glass
C:\Users\PC\Garbage-Classification\data\raw\Garbage classification\Garbage classification\cardboard\cardboard378.jpg,cardboard378.jpg,cardboard
C:\Users\PC\Garbage-Classification\data\raw\Garbage classification\Garbage classification\paper\paper234.jpg,paper234.jpg,paper
C:\Users\PC\Garbage-Classification\data\raw\Garbage classification\Garbage classification\paper\paper180.jpg,paper180.jpg,paper
C:\Users\PC\Garbage-Classification\data\raw\Garbage classification\Garbage classification\glass\glass136.jpg,glass136.jpg,glass
C:\Users\PC\Garbage-Classification\data\raw\Garbage classification\Garbage classification\plastic\plastic70.jpg,plastic70.jpg,plastic
C:\Users\PC\Garbage-Classification\data\raw\Garbage classification\Garbage classification\cardboard\cardboard91.jpg,cardboard91.jpg,cardboard
C:\Users\PC\Garbage-Classification\data\raw\Garbage classification\Garbage classification\paper\paper220.jpg,paper220.jpg,paper
C:\Users\PC\Garbage-Classification\data\raw\Garbage classification\Garbage classification\paper\paper186.jpg,paper186.jpg,paper
C:\Users\PC\Garbage-Classification\data\raw\Garbage classification\Garbage classification\paper\paper244.jpg,paper244.jpg,paper
C:\Users\PC\Garbage-Classification\data\raw\Garbage classification\Garbage classification\cardboard\cardboard175.jpg,cardboard175.jpg,cardboard
C:\Users\PC\Garbage-Classification\data\raw\Garbage classification\Garbage classification\paper\paper185.jpg,paper185.jpg,paper
C:\Users\PC\Garbage-Classification\data\raw\Garbage classification\Garbage classification\plastic\plastic228.jpg,plastic228.jpg,plastic
C:\Users\PC\Garbage-Classification\data\raw\Garbage classification\Garbage classification\glass\glass227.jpg,glass227.jpg,glass
C:\Users\PC\Garbage-Classification\data\raw\Garbage classification\Garbage classification\metal\metal207.jpg,metal207.jpg,metal
C:\Users\PC\Garbage-Classification\data\raw\Garbage classification\Garbage classification\paper\paper240.jpg,paper240.jpg,paper
C:\Users\PC\Garbage-Classification\data\raw\Garbage classification\Garbage classification\plastic\plastic219.jpg,plastic219.jpg,plastic
C:\Users\PC\Garbage-Classification\data\raw\Garbage classification\Garbage classification\plastic\plastic355.jpg,plastic355.jpg,plastic
C:\Users\PC\Garbage-Classification\data\raw\Garbage classification\Garbage classification\paper\paper21.jpg,paper21.jpg,paper
C:\Users\PC\Garbage-Classification\data\raw\Garbage classification\Garbage classification\plastic\plastic78.jpg,plastic78.jpg,plastic
C:\Users\PC\Garbage-Classification\data\raw\Garbage classification\Garbage classification\paper\paper468.jpg,paper468.jpg,paper
C:\Users\PC\Garbage-Classification\data\raw\Garbage classification\Garbage classification\glass\glass242.jpg,glass242.jpg,glass
C:\Users\PC\Garbage-Classification\data\raw\Garbage classification\Garbage classification\cardboard\cardboard187.jpg,cardboard187.jpg,cardboard
C:\Users\PC\Garbage-Classification\data\raw\Garbage classification\Garbage classification\paper\paper480.jpg,paper480.jpg,paper
C:\Users\PC\Garbage-Classification\data\raw\Garbage classification\Garbage classification\paper\paper14.jpg,paper14.jpg,paper
C:\Users\PC\Garbage-Classification\data\raw\Garbage classification\Garbage classification\paper\paper504.jpg,paper504.jpg,paper
C:\Users\PC\Garbage-Classification\data\raw\Garbage classification\Garbage classification\cardboard\cardboard156.jpg,cardboard156.jpg,cardboard
C:\Users\PC\Garbage-Classification\data\raw\Garbage classification\Garbage classification\paper\paper70.jpg,paper70.jpg,paper
C:\Users\PC\Garbage-Classification\data\raw\Garbage classification\Garbage classification\glass\glass83.jpg,glass83.jpg,glass
C:\Users\PC\Garbage-Classification\data\raw\Garbage classification\Garbage classification\cardboard\cardboard356.jpg,cardboard356.jpg,cardboard
C:\Users\PC\Garbage-Classification\data\raw\Garbage classification\Garbage classification\cardboard\cardboard324.jpg,cardboard324.jpg,cardboard
C:\Users\PC\Garbage-Classification\data\raw\Garbage classification\Garbage classification\plastic\plastic54.jpg,plastic54.jpg,plastic
C:\Users\PC\Garbage-Classification\data\raw\Garbage classification\Garbage classification\plastic\plastic276.jpg,plastic276.jpg,plastic
C:\Users\PC\Garbage-Classification\data\raw\Garbage classification\Garbage classification\metal\metal175.jpg,metal175.jpg,metal
C:\Users\PC\Garbage-Classification\data\raw\Garbage classification\Garbage classification\glass\glass80.jpg,glass80.jpg,glass
C:\Users\PC\Garbage-Classification\data\raw\Garbage classification\Garbage classification\cardboard\cardboard276.jpg,cardboard276.jpg,cardboard
C:\Users\PC\Garbage-Classification\data\raw\Garbage classification\Garbage classification\glass\glass202.jpg,glass202.jpg,glass
C:\Users\PC\Garbage-Classification\data\raw\Garbage classification\Garbage classification\paper\paper414.jpg,paper414.jpg,paper
C:\Users\PC\Garbage-Classification\data\raw\Garbage classification\Garbage classification\cardboard\cardboard77.jpg,cardboard77.jpg,cardboard
C:\Users\PC\Garbage-Classification\data\raw\Garbage classification\Garbage classification\glass\glass106.jpg,glass106.jpg,glass
C:\Users\PC\Garbage-Classification\data\raw\Garbage classification\Garbage classification\plastic\plastic58.jpg,plastic58.jpg,plastic
C:\Users\PC\Garbage-Classification\data\raw\Garbage classification\Garbage classification\plastic\plastic360.jpg,plastic360.jpg,plastic
C:\Users\PC\Garbage-Classification\data\raw\Garbage classification\Garbage classification\plastic\plastic376.jpg,plastic376.jpg,plastic
C:\Users\PC\Garbage-Classification\data\raw\Garbage classification\Garbage classification\glass\glass65.jpg,glass65.jpg,glass
C:\Users\PC\Garbage-Classification\data\raw\Garbage classification\Garbage classification\paper\paper368.jpg,paper368.jpg,paper
C:\Users\PC\Garbage-Classification\data\raw\Garbage classification\Garbage classification\metal\metal265.jpg,metal265.jpg,metal
C:\Users\PC\Garbage-Classification\data\raw\Garbage classification\Garbage classification\glass\glass104.jpg,glass104.jpg,glass
C:\Users\PC\Garbage-Classification\data\raw\Garbage classification\Garbage classification\cardboard\cardboard297.jpg,cardboard297.jpg,cardboard
C:\Users\PC\Garbage-Classification\data\raw\Garbage classification\Garbage classification\trash\trash95.jpg,trash95.jpg,trash
C:\Users\PC\Garbage-Classification\data\raw\Garbage classification\Garbage classification\plastic\plastic82.jpg,plastic82.jpg,plastic
C:\Users\PC\Garbage-Classification\data\raw\Garbage classification\Garbage classification\cardboard\cardboard289.jpg,cardboard289.jpg,cardboard
C:\Users\PC\Garbage-Classification\data\raw\Garbage classification\Garbage classification\cardboard\cardboard328.jpg,cardboard328.jpg,cardboard
C:\Users\PC\Garbage-Classification\data\raw\Garbage classification\Garbage classification\cardboard\cardboard236.jpg,cardboard236.jpg,cardboard
C:\Users\PC\Garbage-Classification\data\raw\Garbage classification\Garbage classification\plastic\plastic356.jpg,plastic356.jpg,plastic
C:\Users\PC\Garbage-Classification\data\raw\Garbage classification\Garbage classification\metal\metal350.jpg,metal350.jpg,metal
C:\Users\PC\Garbage-Classification\data\raw\Garbage classification\Garbage classification\plastic\plastic438.jpg,plastic438.jpg,plastic
C:\Users\PC\Garbage-Classification\data\raw\Garbage classification\Garbage classification\trash\trash105.jpg,trash105.jpg,trash
C:\Users\PC\Garbage-Classification\data\raw\Garbage classification\Garbage classification\plastic\plastic140.jpg,plastic140.jpg,plastic
C:\Users\PC\Garbage-Classification\data\raw\Garbage classification\Garbage classification\paper\paper583.jpg,paper583.jpg,paper
C:\Users\PC\Garbage-Classification\data\raw\Garbage classification\Garbage classification\plastic\plastic337.jpg,plastic337.jpg,plastic
C:\Users\PC\Garbage-Classification\data\raw\Garbage classification\Garbage classification\paper\paper437.jpg,paper437.jpg,paper
C:\Users\PC\Garbage-Classification\data\raw\Garbage classification\Garbage classification\paper\paper281.jpg,paper281.jpg,paper
C:\Users\PC\Garbage-Classification\data\raw\Garbage classification\Garbage classification\metal\metal212.jpg,metal212.jpg,metal
C:\Users\PC\Garbage-Classification\data\raw\Garbage classification\Garbage classification\plastic\plastic369.jpg,plastic369.jpg,plastic
C:\Users\PC\Garbage-Classification\data\raw\Garbage classification\Garbage classification\cardboard\cardboard18.jpg,cardboard18.jpg,cardboard
C:\Users\PC\Garbage-Classification\data\raw\Garbage classification\Garbage classification\paper\paper152.jpg,paper152.jpg,paper
C:\Users\PC\Garbage-Classification\data\raw\Garbage classification\Garbage classification\cardboard\cardboard177.jpg,cardboard177.jpg,cardboard
C:\Users\PC\Garbage-Classification\data\raw\Garbage classification\Garbage classification\metal\metal401.jpg,metal401.jpg,metal
C:\Users\PC\Garbage-Classification\data\raw\Garbage classification\Garbage classification\cardboard\cardboard101.jpg,cardboard101.jpg,cardboard
C:\Users\PC\Garbage-Classification\data\raw\Garbage classification\Garbage classification\metal\metal328.jpg,metal328.jpg,metal
C:\Users\PC\Garbage-Classification\data\raw\Garbage classification\Garbage classification\paper\paper400.jpg,paper400.jpg,paper
C:\Users\PC\Garbage-Classification\data\raw\Garbage classification\Garbage classification\plastic\plastic445.jpg,plastic445.jpg,plastic
C:\Users\PC\Garbage-Classification\data\raw\Garbage classification\Garbage classification\glass\glass135.jpg,glass135.jpg,glass
C:\Users\PC\Garbage-Classification\data\raw\Garbage classification\Garbage classification\metal\metal78.jpg,metal78.jpg,metal
C:\Users\PC\Garbage-Classification\data\raw\Garbage classification\Garbage classification\paper\paper314.jpg,paper314.jpg,paper
C:\Users\PC\Garbage-Classification\data\raw\Garbage classification\Garbage classification\plastic\plastic144.jpg,plastic144.jpg,plastic
C:\Users\PC\Garbage-Classification\data\raw\Garbage classification\Garbage classification\plastic\plastic75.jpg,plastic75.jpg,plastic
C:\Users\PC\Garbage-Classification\data\raw\Garbage classification\Garbage classification\glass\glass76.jpg,glass76.jpg,glass
C:\Users\PC\Garbage-Classification\data\raw\Garbage classification\Garbage classification\plastic\plastic332.jpg,plastic332.jpg,plastic
C:\Users\PC\Garbage-Classification\data\raw\Garbage classification\Garbage classification\paper\paper436.jpg,paper436.jpg,paper
C:\Users\PC\Garbage-Classification\data\raw\Garbage classification\Garbage classification\cardboard\cardboard134.jpg,cardboard134.jpg,cardboard
C:\Users\PC\Garbage-Classification\data\raw\Garbage classification\Garbage classification\metal\metal110.jpg,metal110.jpg,metal
C:\Users\PC\Garbage-Classification\data\raw\Garbage classification\Garbage classification\glass\glass357.jpg,glass357.jpg,glass
C:\Users\PC\Garbage-Classification\data\raw\Garbage classification\Garbage classification\glass\glass296.jpg,glass296.jpg,glass
C:\Users\PC\Garbage-Classification\data\raw\Garbage classification\Garbage classification\trash\trash21.jpg,trash21.jpg,trash
C:\Users\PC\Garbage-Classification\data\raw\Garbage classification\Garbage classification\metal\metal54.jpg,metal54.jpg,metal
C:\Users\PC\Garbage-Classification\data\raw\Garbage classification\Garbage classification\paper\paper15.jpg,paper15.jpg,paper
C:\Users\PC\Garbage-Classification\data\raw\Garbage classification\Garbage classification\paper\paper331.jpg,paper331.jpg,paper
C:\Users\PC\Garbage-Classification\data\raw\Garbage classification\Garbage classification\glass\glass497.jpg,glass497.jpg,glass
C:\Users\PC\Garbage-Classification\data\raw\Garbage classification\Garbage classification\trash\trash118.jpg,trash118.jpg,trash
C:\Users\PC\Garbage-Classification\data\raw\Garbage classification\Garbage classification\metal\metal404.jpg,metal404.jpg,metal
C:\Users\PC\Garbage-Classification\data\raw\Garbage classification\Garbage classification\glass\glass137.jpg,glass137.jpg,glass
C:\Users\PC\Garbage-Classification\data\raw\Garbage classification\Garbage classification\plastic\plastic35.jpg,plastic35.jpg,plastic
C:\Users\PC\Garbage-Classification\data\raw\Garbage classification\Garbage classification\metal\metal10.jpg,metal10.jpg,metal
C:\Users\PC\Garbage-Classification\data\raw\Garbage classification\Garbage classification\plastic\plastic348.jpg,plastic348.jpg,plastic
C:\Users\PC\Garbage-Classification\data\raw\Garbage classification\Garbage classification\glass\glass344.jpg,glass344.jpg,glass
C:\Users\PC\Garbage-Classification\data\raw\Garbage classification\Garbage classification\metal\metal255.jpg,metal255.jpg,metal
C:\Users\PC\Garbage-Classification\data\raw\Garbage classification\Garbage classification\plastic\plastic3.jpg,plastic3.jpg,plastic
C:\Users\PC\Garbage-Classification\data\raw\Garbage classification\Garbage classification\cardboard\cardboard384.jpg,cardboard384.jpg,cardboard
C:\Users\PC\Garbage-Classification\data\raw\Garbage classification\Garbage classification\trash\trash31.jpg,trash31.jpg,trash
C:\Users\PC\Garbage-Classification\data\raw\Garbage classification\Garbage classification\cardboard\cardboard83.jpg,cardboard83.jpg,cardboard
C:\Users\PC\Garbage-Classification\data\raw\Garbage classification\Garbage classification\cardboard\cardboard9.jpg,cardboard9.jpg,cardboard
C:\Users\PC\Garbage-Classification\data\raw\Garbage classification\Garbage classification\metal\metal96.jpg,metal96.jpg,metal
C:\Users\PC\Garbage-Classification\data\raw\Garbage classification\Garbage classification\paper\paper460.jpg,paper460.jpg,paper
C:\Users\PC\Garbage-Classification\data\raw\Garbage classification\Garbage classification\paper\paper407.jpg,paper407.jpg,paper
C:\Users\PC\Garbage-Classification\data\raw\Garbage classification\Garbage classification\glass\glass399.jpg,glass399.jpg,glass
C:\Users\PC\Garbage-Classification\data\raw\Garbage classification\Garbage classification\paper\paper320.jpg,paper320.jpg,paper
C:\Users\PC\Garbage-Classification\data\raw\Garbage classification\Garbage classification\glass\glass401.jpg,glass401.jpg,glass
C:\Users\PC\Garbage-Classification\data\raw\Garbage classification\Garbage classification\trash\trash11.jpg,trash11.jpg,trash
C:\Users\PC\Garbage-Classification\data\raw\Garbage classification\Garbage classification\glass\glass261.jpg,glass261.jpg,glass
C:\Users\PC\Garbage-Classification\data\raw\Garbage classification\Garbage classification\paper\paper356.jpg,paper356.jpg,paper
C:\Users\PC\Garbage-Classification\data\raw\Garbage classification\Garbage classification\trash\trash58.jpg,trash58.jpg,trash
C:\Users\PC\Garbage-Classification\data\raw\Garbage classification\Garbage classification\glass\glass198.jpg,glass198.jpg,glass
C:\Users\PC\Garbage-Classification\data\raw\Garbage classification\Garbage classification\paper\paper544.jpg,paper544.jpg,paper
C:\Users\PC\Garbage-Classification\data\raw\Garbage classification\Garbage classification\cardboard\cardboard260.jpg,cardboard260.jpg,cardboard
C:\Users\PC\Garbage-Classification\data\raw\Garbage classification\Garbage classification\trash\trash7.jpg,trash7.jpg,trash
C:\Users\PC\Garbage-Classification\data\raw\Garbage classification\Garbage classification\glass\glass97.jpg,glass97.jpg,glass
C:\Users\PC\Garbage-Classification\data\raw\Garbage classification\Garbage classification\glass\glass9.jpg,glass9.jpg,glass
C:\Users\PC\Garbage-Classification\data\raw\Garbage classification\Garbage classification\metal\metal31.jpg,metal31.jpg,metal
C:\Users\PC\Garbage-Classification\data\raw\Garbage classification\Garbage classification\paper\paper345.jpg,paper345.jpg,paper
C:\Users\PC\Garbage-Classification\data\raw\Garbage classification\Garbage classification\glass\glass72.jpg,glass72.jpg,glass
C:\Users\PC\Garbage-Classification\data\raw\Garbage classification\Garbage classification\glass\glass87.jpg,glass87.jpg,glass
C:\Users\PC\Garbage-Classification\data\raw\Garbage classification\Garbage classification\glass\glass26.jpg,glass26.jpg,glass
C:\Users\PC\Garbage-Classification\data\raw\Garbage classification\Garbage classification\glass\glass61.jpg,glass61.jpg,glass
C:\Users\PC\Garbage-Classification\data\raw\Garbage classification\Garbage classification\paper\paper77.jpg,paper77.jpg,paper
C:\Users\PC\Garbage-Classification\data\raw\Garbage classification\Garbage classification\plastic\plastic456.jpg,plastic456.jpg,plastic
C:\Users\PC\Garbage-Classification\data\raw\Garbage classification\Garbage classification\glass\glass479.jpg,glass479.jpg,glass
C:\Users\PC\Garbage-Classification\data\raw\Garbage classification\Garbage classification\paper\paper402.jpg,paper402.jpg,paper
C:\Users\PC\Garbage-Classification\data\raw\Garbage classification\Garbage classification\glass\glass278.jpg,glass278.jpg,glass
C:\Users\PC\Garbage-Classification\data\raw\Garbage classification\Garbage classification\plastic\plastic257.jpg,plastic257.jpg,plastic
C:\Users\PC\Garbage-Classification\data\raw\Garbage classification\Garbage classification\cardboard\cardboard199.jpg,cardboard199.jpg,cardboard
C:\Users\PC\Garbage-Classification\data\raw\Garbage classification\Garbage classification\cardboard\cardboard196.jpg,cardboard196.jpg,cardboard
C:\Users\PC\Garbage-Classification\data\raw\Garbage classification\Garbage classification\paper\paper214.jpg,paper214.jpg,paper
C:\Users\PC\Garbage-Classification\data\raw\Garbage classification\Garbage classification\trash\trash43.jpg,trash43.jpg,trash
C:\Users\PC\Garbage-Classification\data\raw\Garbage classification\Garbage classification\glass\glass254.jpg,glass254.jpg,glass
C:\Users\PC\Garbage-Classification\data\raw\Garbage classification\Garbage classification\plastic\plastic63.jpg,plastic63.jpg,plastic
C:\Users\PC\Garbage-Classification\data\raw\Garbage classification\Garbage classification\plastic\plastic203.jpg,plastic203.jpg,plastic
C:\Users\PC\Garbage-Classification\data\raw\Garbage classification\Garbage classification\paper\paper580.jpg,paper580.jpg,paper
C:\Users\PC\Garbage-Classification\data\raw\Garbage classification\Garbage classification\metal\metal408.jpg,metal408.jpg,metal
C:\Users\PC\Garbage-Classification\data\raw\Garbage classification\Garbage classification\paper\paper169.jpg,paper169.jpg,paper
C:\Users\PC\Garbage-Classification\data\raw\Garbage classification\Garbage classification\plastic\plastic433.jpg,plastic433.jpg,plastic
C:\Users\PC\Garbage-Classification\data\raw\Garbage classification\Garbage classification\cardboard\cardboard23.jpg,cardboard23.jpg,cardboard
C:\Users\PC\Garbage-Classification\data\raw\Garbage classification\Garbage classification\plastic\plastic125.jpg,plastic125.jpg,plastic
C:\Users\PC\Garbage-Classification\data\raw\Garbage classification\Garbage classification\paper\paper24.jpg,paper24.jpg,paper
C:\Users\PC\Garbage-Classification\data\raw\Garbage classification\Garbage classification\trash\trash12.jpg,trash12.jpg,trash
C:\Users\PC\Garbage-Classification\data\raw\Garbage classification\Garbage classification\plastic\plastic439.jpg,plastic439.jpg,plastic
C:\Users\PC\Garbage-Classification\data\raw\Garbage classification\Garbage classification\plastic\plastic201.jpg,plastic201.jpg,plastic
C:\Users\PC\Garbage-Classification\data\raw\Garbage classification\Garbage classification\metal\metal215.jpg,metal215.jpg,metal
C:\Users\PC\Garbage-Classification\data\raw\Garbage classification\Garbage classification\trash\trash113.jpg,trash113.jpg,trash
C:\Users\PC\Garbage-Classification\data\raw\Garbage classification\Garbage classification\cardboard\cardboard145.jpg,cardboard145.jpg,cardboard
C:\Users\PC\Garbage-Classification\data\raw\Garbage classification\Garbage classification\paper\paper531.jpg,paper531.jpg,paper
C:\Users\PC\Garbage-Classification\data\raw\Garbage classification\Garbage classification\cardboard\cardboard402.jpg,cardboard402.jpg,cardboard
C:\Users\PC\Garbage-Classification\data\raw\Garbage classification\Garbage classification\trash\trash111.jpg,trash111.jpg,trash
C:\Users\PC\Garbage-Classification\data\raw\Garbage classification\Garbage classification\plastic\plastic286.jpg,plastic286.jpg,plastic
C:\Users\PC\Garbage-Classification\data\raw\Garbage classification\Garbage classification\metal\metal26.jpg,metal26.jpg,metal
C:\Users\PC\Garbage-Classification\data\raw\Garbage classification\Garbage classification\metal\metal368.jpg,metal368.jpg,metal
C:\Users\PC\Garbage-Classification\data\raw\Garbage classification\Garbage classification\metal\metal240.jpg,metal240.jpg,metal
C:\Users\PC\Garbage-Classification\data\raw\Garbage classification\Garbage classification\paper\paper388.jpg,paper388.jpg,paper
C:\Users\PC\Garbage-Classification\data\raw\Garbage classification\Garbage classification\metal\metal23.jpg,metal23.jpg,metal
C:\Users\PC\Garbage-Classification\data\raw\Garbage classification\Garbage classification\cardboard\cardboard401.jpg,cardboard401.jpg,cardboard
C:\Users\PC\Garbage-Classification\data\raw\Garbage classification\Garbage classification\plastic\plastic47.jpg,plastic47.jpg,plastic
C:\Users\PC\Garbage-Classification\data\raw\Garbage classification\Garbage classification\paper\paper266.jpg,paper266.jpg,paper
C:\Users\PC\Garbage-Classification\data\raw\Garbage classification\Garbage classification\paper\paper469.jpg,paper469.jpg,paper
C:\Users\PC\Garbage-Classification\data\raw\Garbage classification\Garbage classification\cardboard\cardboard367.jpg,cardboard367.jpg,cardboard
C:\Users\PC\Garbage-Classification\data\raw\Garbage classification\Garbage classification\glass\glass382.jpg,glass382.jpg,glass
C:\Users\PC\Garbage-Classification\data\raw\Garbage classification\Garbage classification\plastic\plastic176.jpg,plastic176.jpg,plastic
C:\Users\PC\Garbage-Classification\data\raw\Garbage classification\Garbage classification\cardboard\cardboard279.jpg,cardboard279.jpg,cardboard
C:\Users\PC\Garbage-Classification\data\raw\Garbage classification\Garbage classification\plastic\plastic411.jpg,plastic411.jpg,plastic
C:\Users\PC\Garbage-Classification\data\raw\Garbage classification\Garbage classification\glass\glass32.jpg,glass32.jpg,glass
C:\Users\PC\Garbage-Classification\data\raw\Garbage classification\Garbage classification\paper\paper191.jpg,paper191.jpg,paper
C:\Users\PC\Garbage-Classification\data\raw\Garbage classification\Garbage classification\cardboard\cardboard223.jpg,cardboard223.jpg,cardboard
C:\Users\PC\Garbage-Classification\data\raw\Garbage classification\Garbage classification\cardboard\cardboard152.jpg,cardboard152.jpg,cardboard
C:\Users\PC\Garbage-Classification\data\raw\Garbage classification\Garbage classification\cardboard\cardboard21.jpg,cardboard21.jpg,cardboard
C:\Users\PC\Garbage-Classification\data\raw\Garbage classification\Garbage classification\glass\glass6.jpg,glass6.jpg,glass
C:\Users\PC\Garbage-Classification\data\raw\Garbage classification\Garbage classification\glass\glass44.jpg,glass44.jpg,glass
C:\Users\PC\Garbage-Classification\data\raw\Garbage classification\Garbage classification\plastic\plastic281.jpg,plastic281.jpg,plastic
C:\Users\PC\Garbage-Classification\data\raw\Garbage classification\Garbage classification\cardboard\cardboard165.jpg,cardboard165.jpg,cardboard
C:\Users\PC\Garbage-Classification\data\raw\Garbage classification\Garbage classification\trash\trash71.jpg,trash71.jpg,trash
C:\Users\PC\Garbage-Classification\data\raw\Garbage classification\Garbage classification\paper\paper383.jpg,paper383.jpg,paper
C:\Users\PC\Garbage-Classification\data\raw\Garbage classification\Garbage classification\plastic\plastic183.jpg,plastic183.jpg,plastic
C:\Users\PC\Garbage-Classification\data\raw\Garbage classification\Garbage classification\plastic\plastic397.jpg,plastic397.jpg,plastic
C:\Users\PC\Garbage-Classification\data\raw\Garbage classification\Garbage classification\glass\glass149.jpg,glass149.jpg,glass
C:\Users\PC\Garbage-Classification\data\raw\Garbage classification\Garbage classification\glass\glass469.jpg,glass469.jpg,glass
C:\Users\PC\Garbage-Classification\data\raw\Garbage classification\Garbage classification\plastic\plastic29.jpg,plastic29.jpg,plastic
C:\Users\PC\Garbage-Classification\data\raw\Garbage classification\Garbage classification\glass\glass122.jpg,glass122.jpg,glass
C:\Users\PC\Garbage-Classification\data\raw\Garbage classification\Garbage classification\cardboard\cardboard286.jpg,cardboard286.jpg,cardboard
C:\Users\PC\Garbage-Classification\data\raw\Garbage classification\Garbage classification\glass\glass390.jpg,glass390.jpg,glass
C:\Users\PC\Garbage-Classification\data\raw\Garbage classification\Garbage classification\metal\metal37.jpg,metal37.jpg,metal
C:\Users\PC\Garbage-Classification\data\raw\Garbage classification\Garbage classification\glass\glass192.jpg,glass192.jpg,glass
C:\Users\PC\Garbage-Classification\data\raw\Garbage classification\Garbage classification\trash\trash56.jpg,trash56.jpg,trash
C:\Users\PC\Garbage-Classification\data\raw\Garbage classification\Garbage classification\glass\glass273.jpg,glass273.jpg,glass
C:\Users\PC\Garbage-Classification\data\raw\Garbage classification\Garbage classification\paper\paper575.jpg,paper575.jpg,paper
C:\Users\PC\Garbage-Classification\data\raw\Garbage classification\Garbage classification\glass\glass284.jpg,glass284.jpg,glass
C:\Users\PC\Garbage-Classification\data\raw\Garbage classification\Garbage classification\plastic\plastic402.jpg,plastic402.jpg,plastic
C:\Users\PC\Garbage-Classification\data\raw\Garbage classification\Garbage classification\plastic\plastic7.jpg,plastic7.jpg,plastic
C:\Users\PC\Garbage-Classification\data\raw\Garbage classification\Garbage classification\cardboard\cardboard238.jpg,cardboard238.jpg,cardboard
C:\Users\PC\Garbage-Classification\data\raw\Garbage classification\Garbage classification\glass\glass29.jpg,glass29.jpg,glass
C:\Users\PC\Garbage-Classification\data\raw\Garbage classification\Garbage classification\paper\paper576.jpg,paper576.jpg,paper
C:\Users\PC\Garbage-Classification\data\raw\Garbage classification\Garbage classification\glass\glass430.jpg,glass430.jpg,glass
C:\Users\PC\Garbage-Classification\data\raw\Garbage classification\Garbage classification\trash\trash24.jpg,trash24.jpg,trash
C:\Users\PC\Garbage-Classification\data\raw\Garbage classification\Garbage classification\cardboard\cardboard36.jpg,cardboard36.jpg,cardboard
C:\Users\PC\Garbage-Classification\data\raw\Garbage classification\Garbage classification\paper\paper78.jpg,paper78.jpg,paper
C:\Users\PC\Garbage-Classification\data\raw\Garbage classification\Garbage classification\cardboard\cardboard201.jpg,cardboard201.jpg,cardboard
C:\Users\PC\Garbage-Classification\data\raw\Garbage classification\Garbage classification\metal\metal132.jpg,metal132.jpg,metal
C:\Users\PC\Garbage-Classification\data\raw\Garbage classification\Garbage classification\trash\trash133.jpg,trash133.jpg,trash
C:\Users\PC\Garbage-Classification\data\raw\Garbage classification\Garbage classification\trash\trash124.jpg,trash124.jpg,trash
C:\Users\PC\Garbage-Classification\data\raw\Garbage classification\Garbage classification\metal\metal24.jpg,metal24.jpg,metal
C:\Users\PC\Garbage-Classification\data\raw\Garbage classification\Garbage classification\cardboard\cardboard105.jpg,cardboard105.jpg,cardboard
C:\Users\PC\Garbage-Classification\data\raw\Garbage classification\Garbage classification\glass\glass118.jpg,glass118.jpg,glass
C:\Users\PC\Garbage-Classification\data\raw\Garbage classification\Garbage classification\glass\glass292.jpg,glass292.jpg,glass
C:\Users\PC\Garbage-Classification\data\raw\Garbage classification\Garbage classification\paper\paper88.jpg,paper88.jpg,paper
C:\Users\PC\Garbage-Classification\data\raw\Garbage classification\Garbage classification\glass\glass105.jpg,glass105.jpg,glass
C:\Users\PC\Garbage-Classification\data\raw\Garbage classification\Garbage classification\glass\glass335.jpg,glass335.jpg,glass
C:\Users\PC\Garbage-Classification\data\raw\Garbage classification\Garbage classification\glass\glass238.jpg,glass238.jpg,glass
C:\Users\PC\Garbage-Classification\data\raw\Garbage classification\Garbage classification\paper\paper223.jpg,paper223.jpg,paper
C:\Users\PC\Garbage-Classification\data\raw\Garbage classification\Garbage classification\plastic\plastic478.jpg,plastic478.jpg,plastic
C:\Users\PC\Garbage-Classification\data\raw\Garbage classification\Garbage classification\cardboard\cardboard184.jpg,cardboard184.jpg,cardboard
C:\Users\PC\Garbage-Classification\data\raw\Garbage classification\Garbage classification\glass\glass111.jpg,glass111.jpg,glass
C:\Users\PC\Garbage-Classification\data\raw\Garbage classification\Garbage classification\plastic\plastic162.jpg,plastic162.jpg,plastic
C:\Users\PC\Garbage-Classification\data\raw\Garbage classification\Garbage classification\metal\metal70.jpg,metal70.jpg,metal
C:\Users\PC\Garbage-Classification\data\raw\Garbage classification\Garbage classification\paper\paper337.jpg,paper337.jpg,paper
C:\Users\PC\Garbage-Classification\data\raw\Garbage classification\Garbage classification\paper\paper569.jpg,paper569.jpg,paper
C:\Users\PC\Garbage-Classification\data\raw\Garbage classification\Garbage classification\glass\glass170.jpg,glass170.jpg,glass
C:\Users\PC\Garbage-Classification\data\raw\Garbage classification\Garbage classification\cardboard\cardboard301.jpg,cardboard301.jpg,cardboard
C:\Users\PC\Garbage-Classification\data\raw\Garbage classification\Garbage classification\glass\glass341.jpg,glass341.jpg,glass
C:\Users\PC\Garbage-Classification\data\raw\Garbage classification\Garbage classification\plastic\plastic66.jpg,plastic66.jpg,plastic
C:\Users\PC\Garbage-Classification\data\raw\Garbage classification\Garbage classification\paper\paper501.jpg,paper501.jpg,paper
C:\Users\PC\Garbage-Classification\data\raw\Garbage classification\Garbage classification\metal\metal193.jpg,metal193.jpg,metal
C:\Users\PC\Garbage-Classification\data\raw\Garbage classification\Garbage classification\plastic\plastic213.jpg,plastic213.jpg,plastic
C:\Users\PC\Garbage-Classification\data\raw\Garbage classification\Garbage classification\plastic\plastic301.jpg,plastic301.jpg,plastic
C:\Users\PC\Garbage-Classification\data\raw\Garbage classification\Garbage classification\cardboard\cardboard300.jpg,cardboard300.jpg,cardboard
C:\Users\PC\Garbage-Classification\data\raw\Garbage classification\Garbage classification\metal\metal168.jpg,metal168.jpg,metal
C:\Users\PC\Garbage-Classification\data\raw\Garbage classification\Garbage classification\paper\paper585.jpg,paper585.jpg,paper
C:\Users\PC\Garbage-Classification\data\raw\Garbage classification\Garbage classification\glass\glass495.jpg,glass495.jpg,glass
C:\Users\PC\Garbage-Classification\data\raw\Garbage classification\Garbage classification\metal\metal180.jpg,metal180.jpg,metal
C:\Users\PC\Garbage-Classification\data\raw\Garbage classification\Garbage classification\glass\glass478.jpg,glass478.jpg,glass
C:\Users\PC\Garbage-Classification\data\raw\Garbage classification\Garbage classification\paper\paper118.jpg,paper118.jpg,paper
C:\Users\PC\Garbage-Classification\data\raw\Garbage classification\Garbage classification\trash\trash51.jpg,trash51.jpg,trash
C:\Users\PC\Garbage-Classification\data\raw\Garbage classification\Garbage classification\metal\metal316.jpg,metal316.jpg,metal
C:\Users\PC\Garbage-Classification\data\raw\Garbage classification\Garbage classification\cardboard\cardboard82.jpg,cardboard82.jpg,cardboard
C:\Users\PC\Garbage-Classification\data\raw\Garbage classification\Garbage classification\paper\paper10.jpg,paper10.jpg,paper
C:\Users\PC\Garbage-Classification\data\raw\Garbage classification\Garbage classification\plastic\plastic81.jpg,plastic81.jpg,plastic
C:\Users\PC\Garbage-Classification\data\raw\Garbage classification\Garbage classification\plastic\plastic67.jpg,plastic67.jpg,plastic
C:\Users\PC\Garbage-Classification\data\raw\Garbage classification\Garbage classification\paper\paper587.jpg,paper587.jpg,paper
C:\Users\PC\Garbage-Classification\data\raw\Garbage classification\Garbage classification\cardboard\cardboard254.jpg,cardboard254.jpg,cardboard
C:\Users\PC\Garbage-Classification\data\raw\Garbage classification\Garbage classification\paper\paper264.jpg,paper264.jpg,paper
C:\Users\PC\Garbage-Classification\data\raw\Garbage classification\Garbage classification\glass\glass319.jpg,glass319.jpg,glass
C:\Users\PC\Garbage-Classification\data\raw\Garbage classification\Garbage classification\plastic\plastic325.jpg,plastic325.jpg,plastic
C:\Users\PC\Garbage-Classification\data\raw\Garbage classification\Garbage classification\paper\paper151.jpg,paper151.jpg,paper
C:\Users\PC\Garbage-Classification\data\raw\Garbage classification\Garbage classification\paper\paper296.jpg,paper296.jpg,paper
C:\Users\PC\Garbage-Classification\data\raw\Garbage classification\Garbage classification\metal\metal338.jpg,metal338.jpg,metal
C:\Users\PC\Garbage-Classification\data\raw\Garbage classification\Garbage classification\glass\glass404.jpg,glass404.jpg,glass
C:\Users\PC\Garbage-Classification\data\raw\Garbage classification\Garbage classification\metal\metal276.jpg,metal276.jpg,metal
C:\Users\PC\Garbage-Classification\data\raw\Garbage classification\Garbage classification\glass\glass88.jpg,glass88.jpg,glass
C:\Users\PC\Garbage-Classification\data\raw\Garbage classification\Garbage classification\metal\metal403.jpg,metal403.jpg,metal
C:\Users\PC\Garbage-Classification\data\raw\Garbage classification\Garbage classification\plastic\plastic64.jpg,plastic64.jpg,plastic
C:\Users\PC\Garbage-Classification\data\raw\Garbage classification\Garbage classification\paper\paper561.jpg,paper561.jpg,paper
C:\Users\PC\Garbage-Classification\data\raw\Garbage classification\Garbage classification\plastic\plastic255.jpg,plastic255.jpg,plastic
C:\Users\PC\Garbage-Classification\data\raw\Garbage classification\Garbage classification\glass\glass217.jpg,glass217.jpg,glass
C:\Users\PC\Garbage-Classification\data\raw\Garbage classification\Garbage classification\metal\metal108.jpg,metal108.jpg,metal
C:\Users\PC\Garbage-Classification\data\raw\Garbage classification\Garbage classification\trash\trash10.jpg,trash10.jpg,trash
C:\Users\PC\Garbage-Classification\data\raw\Garbage classification\Garbage classification\plastic\plastic142.jpg,plastic142.jpg,plastic
C:\Users\PC\Garbage-Classification\data\raw\Garbage classification\Garbage classification\cardboard\cardboard173.jpg,cardboard173.jpg,cardboard
C:\Users\PC\Garbage-Classification\data\raw\Garbage classification\Garbage classification\cardboard\cardboard309.jpg,cardboard309.jpg,cardboard
C:\Users\PC\Garbage-Classification\data\raw\Garbage classification\Garbage classification\metal\metal217.jpg,metal217.jpg,metal
C:\Users\PC\Garbage-Classification\data\raw\Garbage classification\Garbage classification\glass\glass3.jpg,glass3.jpg,glass
C:\Users\PC\Garbage-Classification\data\raw\Garbage classification\Garbage classification\glass\glass245.jpg,glass245.jpg,glass
C:\Users\PC\Garbage-Classification\data\raw\Garbage classification\Garbage classification\paper\paper405.jpg,paper405.jpg,paper
C:\Users\PC\Garbage-Classification\data\raw\Garbage classification\Garbage classification\metal\metal399.jpg,metal399.jpg,metal
C:\Users\PC\Garbage-Classification\data\raw\Garbage classification\Garbage classification\glass\glass243.jpg,glass243.jpg,glass
C:\Users\PC\Garbage-Classification\data\raw\Garbage classification\Garbage classification\cardboard\cardboard333.jpg,cardboard333.jpg,cardboard
C:\Users\PC\Garbage-Classification\data\raw\Garbage classification\Garbage classification\cardboard\cardboard214.jpg,cardboard214.jpg,cardboard
C:\Users\PC\Garbage-Classification\data\raw\Garbage classification\Garbage classification\plastic\plastic448.jpg,plastic448.jpg,plastic
C:\Users\PC\Garbage-Classification\data\raw\Garbage classification\Garbage classification\paper\paper355.jpg,paper355.jpg,paper
C:\Users\PC\Garbage-Classification\data\raw\Garbage classification\Garbage classification\paper\paper51.jpg,paper51.jpg,paper
C:\Users\PC\Garbage-Classification\data\raw\Garbage classification\Garbage classification\glass\glass2.jpg,glass2.jpg,glass
C:\Users\PC\Garbage-Classification\data\raw\Garbage classification\Garbage classification\paper\paper250.jpg,paper250.jpg,paper
C:\Users\PC\Garbage-Classification\data\raw\Garbage classification\Garbage classification\paper\paper79.jpg,paper79.jpg,paper
C:\Users\PC\Garbage-Classification\data\raw\Garbage classification\Garbage classification\metal\metal335.jpg,metal335.jpg,metal
C:\Users\PC\Garbage-Classification\data\raw\Garbage classification\Garbage classification\plastic\plastic119.jpg,plastic119.jpg,plastic
C:\Users\PC\Garbage-Classification\data\raw\Garbage classification\Garbage classification\glass\glass71.jpg,glass71.jpg,glass
C:\Users\PC\Garbage-Classification\data\raw\Garbage classification\Garbage classification\paper\paper52.jpg,paper52.jpg,paper
C:\Users\PC\Garbage-Classification\data\raw\Garbage classification\Garbage classification\paper\paper92.jpg,paper92.jpg,paper
C:\Users\PC\Garbage-Classification\data\raw\Garbage classification\Garbage classification\metal\metal190.jpg,metal190.jpg,metal
C:\Users\PC\Garbage-Classification\data\raw\Garbage classification\Garbage classification\trash\trash88.jpg,trash88.jpg,trash
C:\Users\PC\Garbage-Classification\data\raw\Garbage classification\Garbage classification\metal\metal302.jpg,metal302.jpg,metal
C:\Users\PC\Garbage-Classification\data\raw\Garbage classification\Garbage classification\plastic\plastic350.jpg,plastic350.jpg,plastic
C:\Users\PC\Garbage-Classification\data\raw\Garbage classification\Garbage classification\plastic\plastic72.jpg,plastic72.jpg,plastic
C:\Users\PC\Garbage-Classification\data\raw\Garbage classification\Garbage classification\cardboard\cardboard218.jpg,cardboard218.jpg,cardboard
C:\Users\PC\Garbage-Classification\data\raw\Garbage classification\Garbage classification\plastic\plastic74.jpg,plastic74.jpg,plastic
C:\Users\PC\Garbage-Classification\data\raw\Garbage classification\Garbage classification\glass\glass39.jpg,glass39.jpg,glass
C:\Users\PC\Garbage-Classification\data\raw\Garbage classification\Garbage classification\paper\paper549.jpg,paper549.jpg,paper
C:\Users\PC\Garbage-Classification\data\raw\Garbage classification\Garbage classification\metal\metal174.jpg,metal174.jpg,metal
C:\Users\PC\Garbage-Classification\data\raw\Garbage classification\Garbage classification\cardboard\cardboard385.jpg,cardboard385.jpg,cardboard
C:\Users\PC\Garbage-Classification\data\raw\Garbage classification\Garbage classification\cardboard\cardboard219.jpg,cardboard219.jpg,cardboard
C:\Users\PC\Garbage-Classification\data\raw\Garbage classification\Garbage classification\paper\paper44.jpg,paper44.jpg,paper
C:\Users\PC\Garbage-Classification\data\raw\Garbage classification\Garbage classification\metal\metal48.jpg,metal48.jpg,metal
C:\Users\PC\Garbage-Classification\data\raw\Garbage classification\Garbage classification\cardboard\cardboard210.jpg,cardboard210.jpg,cardboard
C:\Users\PC\Garbage-Classification\data\raw\Garbage classification\Garbage classification\metal\metal182.jpg,metal182.jpg,metal
C:\Users\PC\Garbage-Classification\data\raw\Garbage classification\Garbage classification\cardboard\cardboard278.jpg,cardboard278.jpg,cardboard
C:\Users\PC\Garbage-Classification\data\raw\Garbage classification\Garbage classification\paper\paper61.jpg,paper61.jpg,paper
C:\Users\PC\Garbage-Classification\data\raw\Garbage classification\Garbage classification\plastic\plastic444.jpg,plastic444.jpg,plastic
C:\Users\PC\Garbage-Classification\data\raw\Garbage classification\Garbage classification\paper\paper7.jpg,paper7.jpg,paper
C:\Users\PC\Garbage-Classification\data\raw\Garbage classification\Garbage classification\cardboard\cardboard227.jpg,cardboard227.jpg,cardboard
C:\Users\PC\Garbage-Classification\data\raw\Garbage classification\Garbage classification\trash\trash14.jpg,trash14.jpg,trash
C:\Users\PC\Garbage-Classification\data\raw\Garbage classification\Garbage classification\glass\glass187.jpg,glass187.jpg,glass
C:\Users\PC\Garbage-Classification\data\raw\Garbage classification\Garbage classification\plastic\plastic48.jpg,plastic48.jpg,plastic
C:\Users\PC\Garbage-Classification\data\raw\Garbage classification\Garbage classification\glass\glass451.jpg,glass451.jpg,glass
C:\Users\PC\Garbage-Classification\data\raw\Garbage classification\Garbage classification\plastic\plastic52.jpg,plastic52.jpg,plastic
C:\Users\PC\Garbage-Classification\data\raw\Garbage classification\Garbage classification\plastic\plastic366.jpg,plastic366.jpg,plastic
C:\Users\PC\Garbage-Classification\data\raw\Garbage classification\Garbage classification\paper\paper31.jpg,paper31.jpg,paper
C:\Users\PC\Garbage-Classification\data\raw\Garbage classification\Garbage classification\paper\paper117.jpg,paper117.jpg,paper
C:\Users\PC\Garbage-Classification\data\raw\Garbage classification\Garbage classification\paper\paper49.jpg,paper49.jpg,paper
C:\Users\PC\Garbage-Classification\data\raw\Garbage classification\Garbage classification\cardboard\cardboard325.jpg,cardboard325.jpg,cardboard
C:\Users\PC\Garbage-Classification\data\raw\Garbage classification\Garbage classification\plastic\plastic115.jpg,plastic115.jpg,plastic
C:\Users\PC\Garbage-Classification\data\raw\Garbage classification\Garbage classification\paper\paper260.jpg,paper260.jpg,paper
C:\Users\PC\Garbage-Classification\data\raw\Garbage classification\Garbage classification\paper\paper225.jpg,paper225.jpg,paper
C:\Users\PC\Garbage-Classification\data\raw\Garbage classification\Garbage classification\plastic\plastic153.jpg,plastic153.jpg,plastic
C:\Users\PC\Garbage-Classification\data\raw\Garbage classification\Garbage classification\glass\glass433.jpg,glass433.jpg,glass
C:\Users\PC\Garbage-Classification\data\raw\Garbage classification\Garbage classification\metal\metal67.jpg,metal67.jpg,metal
C:\Users\PC\Garbage-Classification\data\raw\Garbage classification\Garbage classification\cardboard\cardboard307.jpg,cardboard307.jpg,cardboard
C:\Users\PC\Garbage-Classification\data\raw\Garbage classification\Garbage classification\plastic\plastic101.jpg,plastic101.jpg,plastic
C:\Users\PC\Garbage-Classification\data\raw\Garbage classification\Garbage classification\paper\paper241.jpg,paper241.jpg,paper
C:\Users\PC\Garbage-Classification\data\raw\Garbage classification\Garbage classification\cardboard\cardboard114.jpg,cardboard114.jpg,cardboard
C:\Users\PC\Garbage-Classification\data\raw\Garbage classification\Garbage classification\glass\glass241.jpg,glass241.jpg,glass
C:\Users\PC\Garbage-Classification\data\raw\Garbage classification\Garbage classification\cardboard\cardboard127.jpg,cardboard127.jpg,cardboard
C:\Users\PC\Garbage-Classification\data\raw\Garbage classification\Garbage classification\paper\paper330.jpg,paper330.jpg,paper
C:\Users\PC\Garbage-Classification\data\raw\Garbage classification\Garbage classification\plastic\plastic289.jpg,plastic289.jpg,plastic
C:\Users\PC\Garbage-Classification\data\raw\Garbage classification\Garbage classification\plastic\plastic364.jpg,plastic364.jpg,plastic
C:\Users\PC\Garbage-Classification\data\raw\Garbage classification\Garbage classification\cardboard\cardboard160.jpg,cardboard160.jpg,cardboard
C:\Users\PC\Garbage-Classification\data\raw\Garbage classification\Garbage classification\plastic\plastic109.jpg,plastic109.jpg,plastic
C:\Users\PC\Garbage-Classification\data\raw\Garbage classification\Garbage classification\plastic\plastic14.jpg,plastic14.jpg,plastic
C:\Users\PC\Garbage-Classification\data\raw\Garbage classification\Garbage classification\cardboard\cardboard124.jpg,cardboard124.jpg,cardboard
C:\Users\PC\Garbage-Classification\data\raw\Garbage classification\Garbage classification\plastic\plastic461.jpg,plastic461.jpg,plastic
C:\Users\PC\Garbage-Classification\data\raw\Garbage classification\Garbage classification\plastic\plastic2.jpg,plastic2.jpg,plastic
C:\Users\PC\Garbage-Classification\data\raw\Garbage classification\Garbage classification\paper\paper242.jpg,paper242.jpg,paper
C:\Users\PC\Garbage-Classification\data\raw\Garbage classification\Garbage classification\plastic\plastic49.jpg,plastic49.jpg,plastic
C:\Users\PC\Garbage-Classification\data\raw\Garbage classification\Garbage classification\paper\paper438.jpg,paper438.jpg,paper
C:\Users\PC\Garbage-Classification\data\raw\Garbage classification\Garbage classification\metal\metal200.jpg,metal200.jpg,metal
C:\Users\PC\Garbage-Classification\data\raw\Garbage classification\Garbage classification\glass\glass250.jpg,glass250.jpg,glass
C:\Users\PC\Garbage-Classification\data\raw\Garbage classification\Garbage classification\trash\trash101.jpg,trash101.jpg,trash
C:\Users\PC\Garbage-Classification\data\raw\Garbage classification\Garbage classification\metal\metal35.jpg,metal35.jpg,metal
C:\Users\PC\Garbage-Classification\data\raw\Garbage classification\Garbage classification\plastic\plastic342.jpg,plastic342.jpg,plastic
C:\Users\PC\Garbage-Classification\data\raw\Garbage classification\Garbage classification\glass\glass110.jpg,glass110.jpg,glass
C:\Users\PC\Garbage-Classification\data\raw\Garbage classification\Garbage classification\glass\glass402.jpg,glass402.jpg,glass
C:\Users\PC\Garbage-Classification\data\raw\Garbage classification\Garbage classification\metal\metal268.jpg,metal268.jpg,metal
C:\Users\PC\Garbage-Classification\data\raw\Garbage classification\Garbage classification\cardboard\cardboard96.jpg,cardboard96.jpg,cardboard
C:\Users\PC\Garbage-Classification\data\raw\Garbage classification\Garbage classification\glass\glass256.jpg,glass256.jpg,glass
C:\Users\PC\Garbage-Classification\data\raw\Garbage classification\Garbage classification\trash\trash16.jpg,trash16.jpg,trash
C:\Users\PC\Garbage-Classification\data\raw\Garbage classification\Garbage classification\metal\metal366.jpg,metal366.jpg,metal
C:\Users\PC\Garbage-Classification\data\raw\Garbage classification\Garbage classification\plastic\plastic377.jpg,plastic377.jpg,plastic
C:\Users\PC\Garbage-Classification\data\raw\Garbage classification\Garbage classification\plastic\plastic180.jpg,plastic180.jpg,plastic
C:\Users\PC\Garbage-Classification\data\raw\Garbage classification\Garbage classification\glass\glass447.jpg,glass447.jpg,glass
C:\Users\PC\Garbage-Classification\data\raw\Garbage classification\Garbage classification\metal\metal29.jpg,metal29.jpg,metal
C:\Users\PC\Garbage-Classification\data\raw\Garbage classification\Garbage classification\paper\paper342.jpg,paper342.jpg,paper
C:\Users\PC\Garbage-Classification\data\raw\Garbage classification\Garbage classification\paper\paper161.jpg,paper161.jpg,paper
C:\Users\PC\Garbage-Classification\data\raw\Garbage classification\Garbage classification\metal\metal289.jpg,metal289.jpg,metal
C:\Users\PC\Garbage-Classification\data\raw\Garbage classification\Garbage classification\glass\glass233.jpg,glass233.jpg,glass
C:\Users\PC\Garbage-Classification\data\raw\Garbage classification\Garbage classification\paper\paper553.jpg,paper553.jpg,paper
C:\Users\PC\Garbage-Classification\data\raw\Garbage classification\Garbage classification\glass\glass491.jpg,glass491.jpg,glass
C:\Users\PC\Garbage-Classification\data\raw\Garbage classification\Garbage classification\trash\trash34.jpg,trash34.jpg,trash
C:\Users\PC\Garbage-Classification\data\raw\Garbage classification\Garbage classification\plastic\plastic387.jpg,plastic387.jpg,plastic
C:\Users\PC\Garbage-Classification\data\raw\Garbage classification\Garbage classification\glass\glass33.jpg,glass33.jpg,glass
C:\Users\PC\Garbage-Classification\data\raw\Garbage classification\Garbage classification\glass\glass410.jpg,glass410.jpg,glass
C:\Users\PC\Garbage-Classification\data\raw\Garbage classification\Garbage classification\glass\glass148.jpg,glass148.jpg,glass
C:\Users\PC\Garbage-Classification\data\raw\Garbage classification\Garbage classification\paper\paper291.jpg,paper291.jpg,paper
C:\Users\PC\Garbage-Classification\data\raw\Garbage classification\Garbage classification\plastic\plastic266.jpg,plastic266.jpg,plastic
C:\Users\PC\Garbage-Classification\data\raw\Garbage classification\Garbage classification\glass\glass331.jpg,glass331.jpg,glass
C:\Users\PC\Garbage-Classification\data\raw\Garbage classification\Garbage classification\paper\paper404.jpg,paper404.jpg,paper
C:\Users\PC\Garbage-Classification\data\raw\Garbage classification\Garbage classification\glass\glass82.jpg,glass82.jpg,glass
C:\Users\PC\Garbage-Classification\data\raw\Garbage classification\Garbage classification\glass\glass96.jpg,glass96.jpg,glass
C:\Users\PC\Garbage-Classification\data\raw\Garbage classification\Garbage classification\paper\paper301.jpg,paper301.jpg,paper
C:\Users\PC\Garbage-Classification\data\raw\Garbage classification\Garbage classification\cardboard\cardboard168.jpg,cardboard168.jpg,cardboard
C:\Users\PC\Garbage-Classification\data\raw\Garbage classification\Garbage classification\plastic\plastic375.jpg,plastic375.jpg,plastic
C:\Users\PC\Garbage-Classification\data\raw\Garbage classification\Garbage classification\glass\glass467.jpg,glass467.jpg,glass
C:\Users\PC\Garbage-Classification\data\raw\Garbage classification\Garbage classification\paper\paper254.jpg,paper254.jpg,paper
C:\Users\PC\Garbage-Classification\data\raw\Garbage classification\Garbage classification\plastic\plastic157.jpg,plastic157.jpg,plastic
C:\Users\PC\Garbage-Classification\data\raw\Garbage classification\Garbage classification\metal\metal258.jpg,metal258.jpg,metal
C:\Users\PC\Garbage-Classification\data\raw\Garbage classification\Garbage classification\paper\paper3.jpg,paper3.jpg,paper
C:\Users\PC\Garbage-Classification\data\raw\Garbage classification\Garbage classification\metal\metal36.jpg,metal36.jpg,metal
C:\Users\PC\Garbage-Classification\data\raw\Garbage classification\Garbage classification\cardboard\cardboard351.jpg,cardboard351.jpg,cardboard
C:\Users\PC\Garbage-Classification\data\raw\Garbage classification\Garbage classification\glass\glass108.jpg,glass108.jpg,glass
C:\Users\PC\Garbage-Classification\data\raw\Garbage classification\Garbage classification\metal\metal314.jpg,metal314.jpg,metal
C:\Users\PC\Garbage-Classification\data\raw\Garbage classification\Garbage classification\glass\glass156.jpg,glass156.jpg,glass
C:\Users\PC\Garbage-Classification\data\raw\Garbage classification\Garbage classification\glass\glass197.jpg,glass197.jpg,glass
C:\Users\PC\Garbage-Classification\data\raw\Garbage classification\Garbage classification\cardboard\cardboard206.jpg,cardboard206.jpg,cardboard
C:\Users\PC\Garbage-Classification\data\raw\Garbage classification\Garbage classification\glass\glass123.jpg,glass123.jpg,glass
C:\Users\PC\Garbage-Classification\data\raw\Garbage classification\Garbage classification\paper\paper395.jpg,paper395.jpg,paper
C:\Users\PC\Garbage-Classification\data\raw\Garbage classification\Garbage classification\paper\paper99.jpg,paper99.jpg,paper
C:\Users\PC\Garbage-Classification\data\raw\Garbage classification\Garbage classification\glass\glass438.jpg,glass438.jpg,glass
C:\Users\PC\Garbage-Classification\data\raw\Garbage classification\Garbage classification\plastic\plastic318.jpg,plastic318.jpg,plastic
C:\Users\PC\Garbage-Classification\data\raw\Garbage classification\Garbage classification\glass\glass20.jpg,glass20.jpg,glass
C:\Users\PC\Garbage-Classification\data\raw\Garbage classification\Garbage classification\plastic\plastic53.jpg,plastic53.jpg,plastic
C:\Users\PC\Garbage-Classification\data\raw\Garbage classification\Garbage classification\plastic\plastic132.jpg,plastic132.jpg,plastic
C:\Users\PC\Garbage-Classification\data\raw\Garbage classification\Garbage classification\trash\trash122.jpg,trash122.jpg,trash
C:\Users\PC\Garbage-Classification\data\raw\Garbage classification\Garbage classification\paper\paper139.jpg,paper139.jpg,paper
C:\Users\PC\Garbage-Classification\data\raw\Garbage classification\Garbage classification\cardboard\cardboard255.jpg,cardboard255.jpg,cardboard
C:\Users\PC\Garbage-Classification\data\raw\Garbage classification\Garbage classification\plastic\plastic242.jpg,plastic242.jpg,plastic
C:\Users\PC\Garbage-Classification\data\raw\Garbage classification\Garbage classification\glass\glass264.jpg,glass264.jpg,glass
C:\Users\PC\Garbage-Classification\data\raw\Garbage classification\Garbage classification\paper\paper465.jpg,paper465.jpg,paper
C:\Users\PC\Garbage-Classification\data\raw\Garbage classification\Garbage classification\glass\glass415.jpg,glass415.jpg,glass
C:\Users\PC\Garbage-Classification\data\raw\Garbage classification\Garbage classification\trash\trash8.jpg,trash8.jpg,trash
C:\Users\PC\Garbage-Classification\data\raw\Garbage classification\Garbage classification\trash\trash6.jpg,trash6.jpg,trash
C:\Users\PC\Garbage-Classification\data\raw\Garbage classification\Garbage classification\metal\metal283.jpg,metal283.jpg,metal
C:\Users\PC\Garbage-Classification\data\raw\Garbage classification\Garbage classification\paper\paper530.jpg,paper530.jpg,paper
C:\Users\PC\Garbage-Classification\data\raw\Garbage classification\Garbage classification\glass\glass377.jpg,glass377.jpg,glass
C:\Users\PC\Garbage-Classification\data\raw\Garbage classification\Garbage classification\paper\paper339.jpg,paper339.jpg,paper
C:\Users\PC\Garbage-Classification\data\raw\Garbage classification\Garbage classification\cardboard\cardboard313.jpg,cardboard313.jpg,cardboard
C:\Users\PC\Garbage-Classification\data\raw\Garbage classification\Garbage classification\glass\glass132.jpg,glass132.jpg,glass
C:\Users\PC\Garbage-Classification\data\raw\Garbage classification\Garbage classification\paper\paper63.jpg,paper63.jpg,paper
C:\Users\PC\Garbage-Classification\data\raw\Garbage classification\Garbage classification\cardboard\cardboard376.jpg,cardboard376.jpg,cardboard
C:\Users\PC\Garbage-Classification\data\raw\Garbage classification\Garbage classification\plastic\plastic482.jpg,plastic482.jpg,plastic
C:\Users\PC\Garbage-Classification\data\raw\Garbage classification\Garbage classification\paper\paper306.jpg,paper306.jpg,paper
C:\Users\PC\Garbage-Classification\data\raw\Garbage classification\Garbage classification\metal\metal300.jpg,metal300.jpg,metal
C:\Users\PC\Garbage-Classification\data\raw\Garbage classification\Garbage classification\cardboard\cardboard103.jpg,cardboard103.jpg,cardboard
C:\Users\PC\Garbage-Classification\data\raw\Garbage classification\Garbage classification\cardboard\cardboard52.jpg,cardboard52.jpg,cardboard
C:\Users\PC\Garbage-Classification\data\raw\Garbage classification\Garbage classification\plastic\plastic127.jpg,plastic127.jpg,plastic
C:\Users\PC\Garbage-Classification\data\raw\Garbage classification\Garbage classification\glass\glass99.jpg,glass99.jpg,glass
C:\Users\PC\Garbage-Classification\data\raw\Garbage classification\Garbage classification\glass\glass471.jpg,glass471.jpg,glass
C:\Users\PC\Garbage-Classification\data\raw\Garbage classification\Garbage classification\paper\paper479.jpg,paper479.jpg,paper
C:\Users\PC\Garbage-Classification\data\raw\Garbage classification\Garbage classification\metal\metal170.jpg,metal170.jpg,metal
C:\Users\PC\Garbage-Classification\data\raw\Garbage classification\Garbage classification\glass\glass391.jpg,glass391.jpg,glass
C:\Users\PC\Garbage-Classification\data\raw\Garbage classification\Garbage classification\metal\metal315.jpg,metal315.jpg,metal
C:\Users\PC\Garbage-Classification\data\raw\Garbage classification\Garbage classification\trash\trash109.jpg,trash109.jpg,trash
C:\Users\PC\Garbage-Classification\data\raw\Garbage classification\Garbage classification\glass\glass375.jpg,glass375.jpg,glass
C:\Users\PC\Garbage-Classification\data\raw\Garbage classification\Garbage classification\paper\paper256.jpg,paper256.jpg,paper
C:\Users\PC\Garbage-Classification\data\raw\Garbage classification\Garbage classification\plastic\plastic241.jpg,plastic241.jpg,plastic
C:\Users\PC\Garbage-Classification\data\raw\Garbage classification\Garbage classification\metal\metal393.jpg,metal393.jpg,metal
C:\Users\PC\Garbage-Classification\data\raw\Garbage classification\Garbage classification\cardboard\cardboard393.jpg,cardboard393.jpg,cardboard
C:\Users\PC\Garbage-Classification\data\raw\Garbage classification\Garbage classification\glass\glass258.jpg,glass258.jpg,glass
C:\Users\PC\Garbage-Classification\data\raw\Garbage classification\Garbage classification\metal\metal318.jpg,metal318.jpg,metal
C:\Users\PC\Garbage-Classification\data\raw\Garbage classification\Garbage classification\trash\trash80.jpg,trash80.jpg,trash
C:\Users\PC\Garbage-Classification\data\raw\Garbage classification\Garbage classification\paper\paper292.jpg,paper292.jpg,paper
C:\Users\PC\Garbage-Classification\data\raw\Garbage classification\Garbage classification\glass\glass7.jpg,glass7.jpg,glass
C:\Users\PC\Garbage-Classification\data\raw\Garbage classification\Garbage classification\trash\trash28.jpg,trash28.jpg,trash
C:\Users\PC\Garbage-Classification\data\raw\Garbage classification\Garbage classification\glass\glass121.jpg,glass121.jpg,glass
C:\Users\PC\Garbage-Classification\data\raw\Garbage classification\Garbage classification\glass\glass414.jpg,glass414.jpg,glass
C:\Users\PC\Garbage-Classification\data\raw\Garbage classification\Garbage classification\paper\paper150.jpg,paper150.jpg,paper
C:\Users\PC\Garbage-Classification\data\raw\Garbage classification\Garbage classification\paper\paper22.jpg,paper22.jpg,paper
C:\Users\PC\Garbage-Classification\data\raw\Garbage classification\Garbage classification\trash\trash116.jpg,trash116.jpg,trash
C:\Users\PC\Garbage-Classification\data\raw\Garbage classification\Garbage classification\plastic\plastic12.jpg,plastic12.jpg,plastic
C:\Users\PC\Garbage-Classification\data\raw\Garbage classification\Garbage classification\glass\glass293.jpg,glass293.jpg,glass
C:\Users\PC\Garbage-Classification\data\raw\Garbage classification\Garbage classification\metal\metal374.jpg,metal374.jpg,metal
C:\Users\PC\Garbage-Classification\data\raw\Garbage classification\Garbage classification\paper\paper32.jpg,paper32.jpg,paper
C:\Users\PC\Garbage-Classification\data\raw\Garbage classification\Garbage classification\paper\paper58.jpg,paper58.jpg,paper
C:\Users\PC\Garbage-Classification\data\raw\Garbage classification\Garbage classification\glass\glass178.jpg,glass178.jpg,glass
C:\Users\PC\Garbage-Classification\data\raw\Garbage classification\Garbage classification\trash\trash81.jpg,trash81.jpg,trash
C:\Users\PC\Garbage-Classification\data\raw\Garbage classification\Garbage classification\metal\metal325.jpg,metal325.jpg,metal
C:\Users\PC\Garbage-Classification\data\raw\Garbage classification\Garbage classification\plastic\plastic50.jpg,plastic50.jpg,plastic
C:\Users\PC\Garbage-Classification\data\raw\Garbage classification\Garbage classification\plastic\plastic446.jpg,plastic446.jpg,plastic
C:\Users\PC\Garbage-Classification\data\raw\Garbage classification\Garbage classification\trash\trash70.jpg,trash70.jpg,trash
C:\Users\PC\Garbage-Classification\data\raw\Garbage classification\Garbage classification\plastic\plastic39.jpg,plastic39.jpg,plastic
C:\Users\PC\Garbage-Classification\data\raw\Garbage classification\Garbage classification\cardboard\cardboard73.jpg,cardboard73.jpg,cardboard
C:\Users\PC\Garbage-Classification\data\raw\Garbage classification\Garbage classification\plastic\plastic280.jpg,plastic280.jpg,plastic
C:\Users\PC\Garbage-Classification\data\raw\Garbage classification\Garbage classification\metal\metal34.jpg,metal34.jpg,metal
C:\Users\PC\Garbage-Classification\data\raw\Garbage classification\Garbage classification\paper\paper230.jpg,paper230.jpg,paper
C:\Users\PC\Garbage-Classification\data\raw\Garbage classification\Garbage classification\paper\paper510.jpg,paper510.jpg,paper
C:\Users\PC\Garbage-Classification\data\raw\Garbage classification\Garbage classification\glass\glass306.jpg,glass306.jpg,glass
C:\Users\PC\Garbage-Classification\data\raw\Garbage classification\Garbage classification\glass\glass371.jpg,glass371.jpg,glass
C:\Users\PC\Garbage-Classification\data\raw\Garbage classification\Garbage classification\paper\paper71.jpg,paper71.jpg,paper
C:\Users\PC\Garbage-Classification\data\raw\Garbage classification\Garbage classification\glass\glass328.jpg,glass328.jpg,glass
C:\Users\PC\Garbage-Classification\data\raw\Garbage classification\Garbage classification\paper\paper251.jpg,paper251.jpg,paper
C:\Users\PC\Garbage-Classification\data\raw\Garbage classification\Garbage classification\metal\metal405.jpg,metal405.jpg,metal
C:\Users\PC\Garbage-Classification\data\raw\Garbage classification\Garbage classification\plastic\plastic146.jpg,plastic146.jpg,plastic
C:\Users\PC\Garbage-Classification\data\raw\Garbage classification\Garbage classification\paper\paper285.jpg,paper285.jpg,paper
C:\Users\PC\Garbage-Classification\data\raw\Garbage classification\Garbage classification\plastic\plastic443.jpg,plastic443.jpg,plastic
C:\Users\PC\Garbage-Classification\data\raw\Garbage classification\Garbage classification\paper\paper332.jpg,paper332.jpg,paper
C:\Users\PC\Garbage-Classification\data\raw\Garbage classification\Garbage classification\glass\glass470.jpg,glass470.jpg,glass
C:\Users\PC\Garbage-Classification\data\raw\Garbage classification\Garbage classification\trash\trash15.jpg,trash15.jpg,trash
C:\Users\PC\Garbage-Classification\data\raw\Garbage classification\Garbage classification\metal\metal92.jpg,metal92.jpg,metal
C:\Users\PC\Garbage-Classification\data\raw\Garbage classification\Garbage classification\plastic\plastic84.jpg,plastic84.jpg,plastic
C:\Users\PC\Garbage-Classification\data\raw\Garbage classification\Garbage classification\metal\metal292.jpg,metal292.jpg,metal
C:\Users\PC\Garbage-Classification\data\raw\Garbage classification\Garbage classification\metal\metal263.jpg,metal263.jpg,metal
C:\Users\PC\Garbage-Classification\data\raw\Garbage classification\Garbage classification\glass\glass120.jpg,glass120.jpg,glass
C:\Users\PC\Garbage-Classification\data\raw\Garbage classification\Garbage classification\metal\metal349.jpg,metal349.jpg,metal
C:\Users\PC\Garbage-Classification\data\raw\Garbage classification\Garbage classification\paper\paper421.jpg,paper421.jpg,paper
C:\Users\PC\Garbage-Classification\data\raw\Garbage classification\Garbage classification\paper\paper366.jpg,paper366.jpg,paper
C:\Users\PC\Garbage-Classification\data\raw\Garbage classification\Garbage classification\glass\glass162.jpg,glass162.jpg,glass
C:\Users\PC\Garbage-Classification\data\raw\Garbage classification\Garbage classification\plastic\plastic181.jpg,plastic181.jpg,plastic
C:\Users\PC\Garbage-Classification\data\raw\Garbage classification\Garbage classification\metal\metal142.jpg,metal142.jpg,metal
C:\Users\PC\Garbage-Classification\data\raw\Garbage classification\Garbage classification\glass\glass364.jpg,glass364.jpg,glass
C:\Users\PC\Garbage-Classification\data\raw\Garbage classification\Garbage classification\cardboard\cardboard197.jpg,cardboard197.jpg,cardboard
C:\Users\PC\Garbage-Classification\data\raw\Garbage classification\Garbage classification\plastic\plastic59.jpg,plastic59.jpg,plastic
C:\Users\PC\Garbage-Classification\data\raw\Garbage classification\Garbage classification\paper\paper499.jpg,paper499.jpg,paper
C:\Users\PC\Garbage-Classification\data\raw\Garbage classification\Garbage classification\trash\trash93.jpg,trash93.jpg,trash
C:\Users\PC\Garbage-Classification\data\raw\Garbage classification\Garbage classification\metal\metal391.jpg,metal391.jpg,metal
C:\Users\PC\Garbage-Classification\data\raw\Garbage classification\Garbage classification\cardboard\cardboard392.jpg,cardboard392.jpg,cardboard
C:\Users\PC\Garbage-Classification\data\raw\Garbage classification\Garbage classification\metal\metal148.jpg,metal148.jpg,metal
C:\Users\PC\Garbage-Classification\data\raw\Garbage classification\Garbage classification\paper\paper537.jpg,paper537.jpg,paper
C:\Users\PC\Garbage-Classification\data\raw\Garbage classification\Garbage classification\paper\paper204.jpg,paper204.jpg,paper
C:\Users\PC\Garbage-Classification\data\raw\Garbage classification\Garbage classification\paper\paper111.jpg,paper111.jpg,paper
C:\Users\PC\Garbage-Classification\data\raw\Garbage classification\Garbage classification\plastic\plastic390.jpg,plastic390.jpg,plastic
C:\Users\PC\Garbage-Classification\data\raw\Garbage classification\Garbage classification\glass\glass362.jpg,glass362.jpg,glass
C:\Users\PC\Garbage-Classification\data\raw\Garbage classification\Garbage classification\metal\metal77.jpg,metal77.jpg,metal
C:\Users\PC\Garbage-Classification\data\raw\Garbage classification\Garbage classification\cardboard\cardboard154.jpg,cardboard154.jpg,cardboard
C:\Users\PC\Garbage-Classification\data\raw\Garbage classification\Garbage classification\plastic\plastic152.jpg,plastic152.jpg,plastic
C:\Users\PC\Garbage-Classification\data\raw\Garbage classification\Garbage classification\paper\paper328.jpg,paper328.jpg,paper
C:\Users\PC\Garbage-Classification\data\raw\Garbage classification\Garbage classification\metal\metal326.jpg,metal326.jpg,metal
C:\Users\PC\Garbage-Classification\data\raw\Garbage classification\Garbage classification\paper\paper545.jpg,paper545.jpg,paper
C:\Users\PC\Garbage-Classification\data\raw\Garbage classification\Garbage classification\paper\paper443.jpg,paper443.jpg,paper
C:\Users\PC\Garbage-Classification\data\raw\Garbage classification\Garbage classification\metal\metal22.jpg,metal22.jpg,metal
C:\Users\PC\Garbage-Classification\data\raw\Garbage classification\Garbage classification\cardboard\cardboard372.jpg,cardboard372.jpg,cardboard
C:\Users\PC\Garbage-Classification\data\raw\Garbage classification\Garbage classification\glass\glass326.jpg,glass326.jpg,glass
C:\Users\PC\Garbage-Classification\data\raw\Garbage classification\Garbage classification\metal\metal68.jpg,metal68.jpg,metal
C:\Users\PC\Garbage-Classification\data\raw\Garbage classification\Garbage classification\plastic\plastic261.jpg,plastic261.jpg,plastic
C:\Users\PC\Garbage-Classification\data\raw\Garbage classification\Garbage classification\plastic\plastic134.jpg,plastic134.jpg,plastic
C:\Users\PC\Garbage-Classification\data\raw\Garbage classification\Garbage classification\glass\glass307.jpg,glass307.jpg,glass
C:\Users\PC\Garbage-Classification\data\raw\Garbage classification\Garbage classification\paper\paper573.jpg,paper573.jpg,paper
C:\Users\PC\Garbage-Classification\data\raw\Garbage classification\Garbage classification\cardboard\cardboard59.jpg,cardboard59.jpg,cardboard
C:\Users\PC\Garbage-Classification\data\raw\Garbage classification\Garbage classification\glass\glass408.jpg,glass408.jpg,glass
C:\Users\PC\Garbage-Classification\data\raw\Garbage classification\Garbage classification\paper\paper168.jpg,paper168.jpg,paper
C:\Users\PC\Garbage-Classification\data\raw\Garbage classification\Garbage classification\paper\paper132.jpg,paper132.jpg,paper
C:\Users\PC\Garbage-Classification\data\raw\Garbage classification\Garbage classification\metal\metal232.jpg,metal232.jpg,metal
C:\Users\PC\Garbage-Classification\data\raw\Garbage classification\Garbage classification\paper\paper287.jpg,paper287.jpg,paper
C:\Users\PC\Garbage-Classification\data\raw\Garbage classification\Garbage classification\paper\paper26.jpg,paper26.jpg,paper
C:\Users\PC\Garbage-Classification\data\raw\Garbage classification\Garbage classification\metal\metal62.jpg,metal62.jpg,metal
C:\Users\PC\Garbage-Classification\data\raw\Garbage classification\Garbage classification\cardboard\cardboard354.jpg,cardboard354.jpg,cardboard
C:\Users\PC\Garbage-Classification\data\raw\Garbage classification\Garbage classification\metal\metal306.jpg,metal306.jpg,metal
C:\Users\PC\Garbage-Classification\data\raw\Garbage classification\Garbage classification\glass\glass188.jpg,glass188.jpg,glass
C:\Users\PC\Garbage-Classification\data\raw\Garbage classification\Garbage classification\plastic\plastic404.jpg,plastic404.jpg,plastic
C:\Users\PC\Garbage-Classification\data\raw\Garbage classification\Garbage classification\trash\trash135.jpg,trash135.jpg,trash
C:\Users\PC\Garbage-Classification\data\raw\Garbage classification\Garbage classification\plastic\plastic328.jpg,plastic328.jpg,plastic
C:\Users\PC\Garbage-Classification\data\raw\Garbage classification\Garbage classification\paper\paper172.jpg,paper172.jpg,paper
C:\Users\PC\Garbage-Classification\data\raw\Garbage classification\Garbage classification\plastic\plastic98.jpg,plastic98.jpg,plastic
C:\Users\PC\Garbage-Classification\data\raw\Garbage classification\Garbage classification\plastic\plastic451.jpg,plastic451.jpg,plastic
C:\Users\PC\Garbage-Classification\data\raw\Garbage classification\Garbage classification\paper\paper209.jpg,paper209.jpg,paper
C:\Users\PC\Garbage-Classification\data\raw\Garbage classification\Garbage classification\cardboard\cardboard247.jpg,cardboard247.jpg,cardboard
